"budget","head_fraction","method","replications","coverage","coverage_mcse","coverage_lower","coverage_upper","mean_width","certification","mean_error","error_mcse"
250,0,"count",1000,1,0,0.996317916103134,1,0.581792599527749,0,-0.00258181484689972,0.00139746807554645
1000,0,"count",1000,1,0,0.996317916103134,1,0.531017373820581,0,-0.000124295514309103,0.000711819380264509
2000,0,"count",1000,1,0,0.996317916103134,1,0.503797127462077,0,0.000308335042250914,0.000460909550614478
250,0.5,"count",1000,1,0,0.996317916103134,1,0.361788959074195,0,0.00100179220648223,0.000870545007990297
1000,0.5,"count",1000,1,0,0.996317916103134,1,0.194342152781313,0,-6.69739346580272e-05,0.000231177287933944
2000,0.5,"count",1000,1,0,0.996317916103134,1,0.122011130494108,0,-9.33681193013119e-05,0.000121118575282931
250,0,"hoeffding",1000,1,0,0.996317916103134,1,0.671965732317192,0,-0.00258181484689972,0.00139746807554645
1000,0,"hoeffding",1000,1,0,0.996317916103134,1,0.657217868025512,0,-0.000124295514309103,0.000711819380264509
2000,0,"hoeffding",1000,1,0,0.996317916103134,1,0.637779265766173,0,0.000308335042250914,0.000460909550614478
250,0.5,"hoeffding",1000,1,0,0.996317916103134,1,0.42525272322813,0,0.00100179220648223,0.000870545007990297
1000,0.5,"hoeffding",1000,1,0,0.996317916103134,1,0.292161182473882,0,-6.69739346580272e-05,0.000231177287933944
2000,0.5,"hoeffding",1000,1,0,0.996317916103134,1,0.218154596395504,0,-9.33681193013119e-05,0.000121118575282931
250,0,"normal",1000,0.931,0.00801492358042171,0.913484890654288,0.945920664206744,0.0843269621089859,0.396,-0.00258181484689972,0.00139746807554645
1000,0,"normal",1000,0.966,0.00573096850453743,0.952810561384293,0.976341351892403,0.0625518639393288,0.329,-0.000124295514309103,0.000711819380264509
2000,0,"normal",1000,0.962,0.00604615580348373,0.948212896378036,0.972971184017016,0.047583842860151,0.344,0.000308335042250914,0.000460909550614478
250,0.5,"normal",1000,0.985,0.00384382621875652,0.975380299902959,0.991580950249966,0.0588221289853561,0.406,0.00100179220648223,0.000870545007990297
1000,0.5,"normal",1000,0.981,0.00431729081716764,0.970487598374902,0.988522963006899,0.0248910466542983,0.419,-6.69739346580272e-05,0.000231177287933944
2000,0.5,"normal",1000,0.956,0.00648567652600714,0.941379580793669,0.967850502989129,0.0139981573059043,0.65,-9.33681193013119e-05,0.000121118575282931
