"outcome","scale","coefficient","error_fraction","false_positives","false_negatives","target","uniform_estimate","bound_lower","bound_upper","adverse_lower","adverse_upper","sign_certified","reversal_possible"
"ddg_join_ads","totals","gender_Female",0.01,93,247,-605.350927537708,-584.276586697059,-1277.54677532683,589.787896907332,-1313.79782144769,667.320724696888,FALSE,TRUE
"ddg_join_ads","totals","race_Asian",0.01,93,247,1341.10648896844,1342.09416792045,-1081.28757786453,2720.32914909282,-1171.86757686008,2807.02650186669,FALSE,TRUE
"ddg_join_ads","totals","race_Black",0.01,93,247,-144.068500903214,-143.864672489698,-1126.7988567254,663.818471397031,-1169.20970907161,735.139008735044,FALSE,TRUE
"ddg_join_ads","totals","race_Hispanic",0.01,93,247,-183.100838932175,-199.676301194188,-1305.32045077443,623.393287860177,-1330.20766858801,695.773117725142,FALSE,TRUE
"ddg_join_ads","totals","race_Other",0.01,93,247,-300.197500152679,-306.38102177553,-1544.57632456334,797.088350465278,-1608.32156656684,877.45526914606,FALSE,TRUE
"ddg_join_ads","totals","educ_College",0.01,93,247,1347.60763805988,1348.26875762801,-518.958708883436,2168.51825170185,-624.88619244479,2188.45503126547,FALSE,TRUE
"ddg_join_ads","totals","educ_Postgrad",0.01,93,247,1164.66371991725,1204.16673118856,-763.197645811571,2058.74906892087,-875.626802545402,2105.78032565031,FALSE,TRUE
"ddg_join_ads","totals","educ_Some college",0.01,93,247,399.829833163448,391.5786547237,-712.051910525196,1163.72007251845,-766.941151927839,1204.02931577754,FALSE,TRUE
"ddg_join_ads","totals","age_65+",0.01,93,247,1369.73042844922,1290.03007221572,-752.719525056093,3447.6025708201,-943.839967820163,3449.55369021531,FALSE,TRUE
"ddg_join_ads","totals","age_50-64",0.01,93,247,664.980450747684,634.209390657348,-731.835577410149,2342.72867875152,-851.251321705707,2334.40968837791,FALSE,TRUE
"ddg_join_ads","totals","age_35-49",0.01,93,247,326.869276341812,312.434247335551,-872.228745260382,1454.72942626585,-961.587397913833,1480.45119969741,FALSE,TRUE
"ddg_join_ads","totals","age_25-34",0.01,93,247,292.816030744979,278.144390895043,-760.126472709807,1556.33050859228,-837.615963596914,1584.34062872445,FALSE,TRUE
"ddg_join_ads","shares","gender_Female",0.01,93,247,-0.0254632511753576,-0.0198126434757973,-0.185227705611802,0.190107339202449,-0.20221032925068,0.209872928065672,FALSE,TRUE
"ddg_join_ads","shares","race_Asian",0.01,93,247,-0.00320145625240283,0.00298985591447505,-0.306211173810743,0.238070188102293,-0.322622314598493,0.271444362942708,FALSE,TRUE
"ddg_join_ads","shares","race_Black",0.01,93,247,-0.0068229276563748,-0.00495064002837272,-0.230145032811007,0.196314638811351,-0.254478295478244,0.213463656731246,FALSE,TRUE
"ddg_join_ads","shares","race_Hispanic",0.01,93,247,0.0234357566312767,0.0220195399239643,-0.220758923764852,0.211330170746506,-0.245182047662255,0.228615873984875,FALSE,TRUE
"ddg_join_ads","shares","race_Other",0.01,93,247,0.0267724196799989,0.0147817619182003,-0.262056976711442,0.222902206359623,-0.288130787546866,0.241647716408958,FALSE,TRUE
"ddg_join_ads","shares","educ_College",0.01,93,247,0.0549020130012719,0.0607118283026896,-0.221227125721143,0.214914711400434,-0.243882487537173,0.236774935764893,FALSE,TRUE
"ddg_join_ads","shares","educ_Postgrad",0.01,93,247,0.0628045383368866,0.0682519890511169,-0.242373477056728,0.227861335141429,-0.265501367015379,0.256198831642009,FALSE,TRUE
"ddg_join_ads","shares","educ_Some college",0.01,93,247,0.0143445871787768,0.0179787716748122,-0.176437084687953,0.174735572740609,-0.191156848744076,0.195767504710851,FALSE,TRUE
"ddg_join_ads","shares","age_65+",0.01,93,247,-0.0703125137976492,-0.0725870571962396,-0.4720146855225,0.522107268178085,-0.508263411055244,0.54633564314287,FALSE,TRUE
"ddg_join_ads","shares","age_50-64",0.01,93,247,-0.0724139136876097,-0.0774719257476742,-0.394531011060178,0.457073256597743,-0.432345070774309,0.475086436492085,FALSE,TRUE
"ddg_join_ads","shares","age_35-49",0.01,93,247,-0.0224507670488672,-0.0230085169595376,-0.343613965562594,0.410711401473824,-0.379884771869155,0.427390658360316,FALSE,TRUE
"ddg_join_ads","shares","age_25-34",0.01,93,247,-0.0314149782440327,-0.0333940689661331,-0.29939089192091,0.345977210639182,-0.330223154365585,0.36317504351261,FALSE,TRUE
"ddg_join_ads","totals","gender_Female",0.05,468,1235,-605.350927537708,-600.964306106782,-1463.02746683416,827.478445928481,-1509.20964365165,878.183135119524,FALSE,TRUE
"ddg_join_ads","totals","race_Asian",0.05,468,1235,1341.10648896844,1336.37284451203,-1379.24262955565,2976.63775807149,-1420.19361667344,3058.83049563158,FALSE,TRUE
"ddg_join_ads","totals","race_Black",0.05,468,1235,-144.068500903214,-190.421528095231,-1328.61630635984,893.158958215931,-1362.78980610208,956.327277826253,FALSE,TRUE
"ddg_join_ads","totals","race_Hispanic",0.05,468,1235,-183.100838932175,-218.563571922615,-1481.95228807073,834.496052188001,-1510.82103799669,896.428693566565,FALSE,TRUE
"ddg_join_ads","totals","race_Other",0.05,468,1235,-300.197500152679,-298.446198780085,-1795.01297097329,1018.61900733968,-1821.52059489709,1100.83136560965,FALSE,TRUE
"ddg_join_ads","totals","educ_College",0.05,468,1235,1347.60763805988,1318.79935646591,-810.790284882501,2360.76277379239,-885.368487296018,2397.96920155342,FALSE,TRUE
"ddg_join_ads","totals","educ_Postgrad",0.05,468,1235,1164.66371991725,1150.39633852361,-1080.0903261377,2274.25859641035,-1152.24801855014,2327.92744445688,FALSE,TRUE
"ddg_join_ads","totals","educ_Some college",0.05,468,1235,399.829833163448,434.82431329831,-919.399849051297,1346.62304557932,-968.654802771537,1387.34226018298,FALSE,TRUE
"ddg_join_ads","totals","age_65+",0.05,468,1235,1369.73042844922,1380.35641685456,-1175.92256594284,3671.42540533741,-1305.59089614291,3686.86773734186,FALSE,TRUE
"ddg_join_ads","totals","age_50-64",0.05,468,1235,664.980450747684,698.478045566158,-1032.66271567744,2550.62488976489,-1125.92383352932,2569.35404293451,FALSE,TRUE
"ddg_join_ads","totals","age_35-49",0.05,468,1235,326.869276341812,380.513534528476,-1130.02122736025,1643.64949931927,-1203.67675459906,1673.55167714373,FALSE,TRUE
"ddg_join_ads","totals","age_25-34",0.05,468,1235,292.816030744979,340.542357795864,-985.273083954534,1737.71575792104,-1040.47941564991,1767.69900070816,FALSE,TRUE
"ddg_join_ads","shares","gender_Female",0.05,468,1235,-0.0254632511753576,-0.011385754984983,-0.256250840813068,0.271659404467357,-0.279356950522218,0.289369734024431,FALSE,TRUE
"ddg_join_ads","shares","race_Asian",0.05,468,1235,-0.00320145625240283,0.00705182877668681,-0.385499396414824,0.323060647468381,-0.389472496571417,0.358890462537144,FALSE,TRUE
"ddg_join_ads","shares","race_Black",0.05,468,1235,-0.0068229276563748,-0.0151892795234842,-0.315018994182117,0.274539579181307,-0.328369205516655,0.299573743819241,FALSE,TRUE
"ddg_join_ads","shares","race_Hispanic",0.05,468,1235,0.0234357566312767,0.00982109841472869,-0.310476531587154,0.288316545454964,-0.331434596780922,0.313179674463592,FALSE,TRUE
"ddg_join_ads","shares","race_Other",0.05,468,1235,0.0267724196799989,0.0237879435128246,-0.351483453947201,0.293600174684744,-0.35960692620691,0.325247380082747,FALSE,TRUE
"ddg_join_ads","shares","educ_College",0.05,468,1235,0.0549020130012719,0.0431386215109026,-0.312339119229091,0.296238924295114,-0.328516991762426,0.324779310677742,FALSE,TRUE
"ddg_join_ads","shares","educ_Postgrad",0.05,468,1235,0.0628045383368866,0.0548403916688123,-0.33975481766123,0.313167951787026,-0.354387840373145,0.345637265590199,FALSE,TRUE
"ddg_join_ads","shares","educ_Some college",0.05,468,1235,0.0143445871787768,0.0074568363735426,-0.255769577516187,0.253528435488674,-0.27453458051904,0.27869487846628,FALSE,TRUE
"ddg_join_ads","shares","age_65+",0.05,468,1235,-0.0703125137976492,-0.0700680411781619,-0.579045781810232,0.617262771933064,-0.61319714034992,0.632689343435707,FALSE,TRUE
"ddg_join_ads","shares","age_50-64",0.05,468,1235,-0.0724139136876097,-0.0674688959771759,-0.499522884675739,0.552723851172218,-0.539300532213061,0.562144829367875,FALSE,TRUE
"ddg_join_ads","shares","age_35-49",0.05,468,1235,-0.0224507670488672,-0.0211860230864836,-0.44718217544584,0.502258158797648,-0.486501463464432,0.512931915411985,FALSE,TRUE
"ddg_join_ads","shares","age_25-34",0.05,468,1235,-0.0314149782440327,-0.0252842243992717,-0.394883357968849,0.432585240754522,-0.429550932374277,0.444523873821001,FALSE,TRUE
"ddg_join_ads","totals","gender_Female",0.1,936,2471,-605.350927537708,-587.083549808293,-1533.88237097293,901.237278718243,-1573.088116424,940.40849015145,FALSE,TRUE
"ddg_join_ads","totals","race_Asian",0.1,936,2471,1341.10648896844,1467.07245006119,-1456.41052714437,3060.79800016474,-1483.61943053874,3135.38233118144,FALSE,TRUE
"ddg_join_ads","totals","race_Black",0.1,936,2471,-144.068500903214,-119.280960411038,-1394.35466041375,973.293808588407,-1418.71093471188,1028.18441217513,FALSE,TRUE
"ddg_join_ads","totals","race_Hispanic",0.1,936,2471,-183.100838932175,-151.532015639761,-1542.5804519989,906.804429450304,-1565.54096741594,962.982552165025,FALSE,TRUE
"ddg_join_ads","totals","race_Other",0.1,936,2471,-300.197500152679,-268.24184376987,-1860.19481820502,1096.13593384225,-1868.08259119809,1169.75569897912,FALSE,TRUE
"ddg_join_ads","totals","educ_College",0.1,936,2471,1347.60763805988,1331.38806046451,-903.351854448451,2427.6491620643,-960.887576787941,2455.56717742072,FALSE,TRUE
"ddg_join_ads","totals","educ_Postgrad",0.1,936,2471,1164.66371991725,1110.32087011968,-1177.54419643401,2352.1047599889,-1229.94588417626,2391.55724256541,FALSE,TRUE
"ddg_join_ads","totals","educ_Some college",0.1,936,2471,399.829833163448,396.152436932425,-988.897391412526,1412.89302057659,-1030.93800400057,1442.76560100835,FALSE,TRUE
"ddg_join_ads","totals","age_65+",0.1,936,2471,1369.73042844922,1260.34811120903,-1315.93402039739,3737.03779516847,-1402.92752342503,3757.59985898059,FALSE,TRUE
"ddg_join_ads","totals","age_50-64",0.1,936,2471,664.980450747684,613.150889192636,-1135.13327636016,2615.67044703074,-1210.01522290061,2635.38495507814,FALSE,TRUE
"ddg_join_ads","totals","age_35-49",0.1,936,2471,326.869276341812,267.510322435985,-1218.7808313834,1705.18161235649,-1277.72219804708,1732.40252102994,FALSE,TRUE
"ddg_join_ads","totals","age_25-34",0.1,936,2471,292.816030744979,259.554435545771,-1054.48610552881,1799.37111702921,-1102.97154882538,1825.08213321846,FALSE,TRUE
"ddg_join_ads","shares","gender_Female",0.1,936,2471,-0.0254632511753576,-0.0254502113108305,-0.287123940542669,0.29959320969634,-0.306831091224971,0.31378342101205,FALSE,TRUE
"ddg_join_ads","shares","race_Asian",0.1,936,2471,-0.00320145625240283,0.0147316358755439,-0.405348121721896,0.356615184281362,-0.406439762381317,0.386448669455941,FALSE,TRUE
"ddg_join_ads","shares","race_Black",0.1,936,2471,-0.0068229276563748,-0.00195669867752548,-0.341059455663137,0.30338022524796,-0.348375941756064,0.32857259348474,FALSE,TRUE
"ddg_join_ads","shares","race_Hispanic",0.1,936,2471,0.0234357566312767,0.0290323122915727,-0.343296792290028,0.316966931826646,-0.35590372301455,0.341144998335485,FALSE,TRUE
"ddg_join_ads","shares","race_Other",0.1,936,2471,0.0267724196799989,0.0360685635909235,-0.374396591369848,0.322960700917658,-0.373924539796258,0.351575499010947,FALSE,TRUE
"ddg_join_ads","shares","educ_College",0.1,936,2471,0.0549020130012719,0.0576510042531316,-0.340306209696523,0.329457697643721,-0.353410392181213,0.351420328095121,FALSE,TRUE
"ddg_join_ads","shares","educ_Postgrad",0.1,936,2471,0.0628045383368866,0.0599427515250963,-0.368251400278197,0.348004131665445,-0.380005057892605,0.373811990620242,FALSE,TRUE
"ddg_join_ads","shares","educ_Some college",0.1,936,2471,0.0143445871787768,0.0108500648740492,-0.285540778090698,0.286318498780917,-0.302345140245384,0.30532536016017,FALSE,TRUE
"ddg_join_ads","shares","age_65+",0.1,936,2471,-0.0703125137976492,-0.0856683519453658,-0.616195636707239,0.644978873127299,-0.643056449738976,0.654979038574854,FALSE,TRUE
"ddg_join_ads","shares","age_50-64",0.1,936,2471,-0.0724139136876097,-0.0902127586820162,-0.539904876773783,0.579555829206494,-0.571933084679809,0.585226163698119,FALSE,TRUE
"ddg_join_ads","shares","age_35-49",0.1,936,2471,-0.0224507670488672,-0.0422957975566758,-0.487579025841283,0.528029289279457,-0.518571597453308,0.534767484853271,FALSE,TRUE
"ddg_join_ads","shares","age_25-34",0.1,936,2471,-0.0314149782440327,-0.0449384536079341,-0.429569808364902,0.456931659719106,-0.457394429055856,0.464848589854966,FALSE,TRUE
"third_party_cookies","totals","gender_Female",0.01,159,181,-551.130482246233,-551.799579658102,-1315.14362696871,664.560609058152,-1313.40796124436,669.548656155053,FALSE,TRUE
"third_party_cookies","totals","race_Asian",0.01,159,181,1260.64266143041,1262.16025654976,-1141.31538623336,2831.61582848798,-1145.86711014134,2833.81111862671,FALSE,TRUE
"third_party_cookies","totals","race_Black",0.01,159,181,-30.6961784445106,-29.9710545746741,-1129.55678660182,773.338962769618,-1130.28338509688,776.205964676303,FALSE,TRUE
"third_party_cookies","totals","race_Hispanic",0.01,159,181,-228.388879016135,-227.651337920833,-1305.48984916107,718.462809556185,-1305.57312713656,721.681566627003,FALSE,TRUE
"third_party_cookies","totals","race_Other",0.01,159,181,-391.98486657044,-394.159953977723,-1569.13471054185,913.40482590891,-1570.42043478676,917.746082706148,FALSE,TRUE
"third_party_cookies","totals","educ_College",0.01,159,181,1342.85872671943,1342.16051289041,-633.251463823932,2178.64764537031,-640.653008244504,2175.14418545879,FALSE,TRUE
"third_party_cookies","totals","educ_Postgrad",0.01,159,181,1013.52284400916,1008.76458910743,-889.380667547289,2088.70365927336,-892.873463116721,2090.5075475053,FALSE,TRUE
"third_party_cookies","totals","educ_Some college",0.01,159,181,344.635753520128,343.477378042746,-776.006395118388,1195.45971796737,-778.168073735658,1195.67299885534,FALSE,TRUE
"third_party_cookies","totals","age_65+",0.01,159,181,1559.25308394532,1557.52007281811,-957.83530613419,3422.30713870457,-974.505019854304,3414.92929492314,FALSE,TRUE
"third_party_cookies","totals","age_50-64",0.01,159,181,766.976670132414,766.627630089088,-861.098456828829,2327.5098915171,-870.994673708271,2321.08309729945,FALSE,TRUE
"third_party_cookies","totals","age_35-49",0.01,159,181,357.040876466848,355.43139904952,-973.917715934641,1465.36870631245,-979.007423874551,1463.95123989867,FALSE,TRUE
"third_party_cookies","totals","age_25-34",0.01,159,181,244.860392453415,244.189389060524,-846.538560799557,1574.67352456027,-850.941233201104,1572.58565042119,FALSE,TRUE
"third_party_cookies","shares","gender_Female",0.01,159,181,-0.0258596699130827,-0.0249722460065804,-0.206092092804458,0.204663353539649,-0.207057228767754,0.205065632273394,FALSE,TRUE
"third_party_cookies","shares","race_Asian",0.01,159,181,0.0143804105039882,0.014731594592367,-0.304021696793831,0.287841678893399,-0.303674000663531,0.290144522287277,FALSE,TRUE
"third_party_cookies","shares","race_Black",0.01,159,181,0.0150331671272789,0.0140354462437844,-0.239347856272308,0.22879871201273,-0.240091481840781,0.229030374383497,FALSE,TRUE
"third_party_cookies","shares","race_Hispanic",0.01,159,181,0.0168832254889391,0.0161820899259384,-0.236650647339168,0.235480636339552,-0.238395502834522,0.235451115148773,FALSE,TRUE
"third_party_cookies","shares","race_Other",0.01,159,181,0.0125405270325601,0.0117984654893511,-0.270390722757137,0.257970167051755,-0.271554949232416,0.258320482632143,FALSE,TRUE
"third_party_cookies","shares","educ_College",0.01,159,181,0.0664557557520289,0.0655424758434843,-0.236468087648864,0.24318256996702,-0.236732145062879,0.244139757904687,FALSE,TRUE
"third_party_cookies","shares","educ_Postgrad",0.01,159,181,0.0598065724353635,0.0575679009799385,-0.259589599383468,0.261108567450531,-0.259102043036249,0.262859058131639,FALSE,TRUE
"third_party_cookies","shares","educ_Some college",0.01,159,181,0.0207126659952334,0.0193544956102685,-0.191327834481373,0.195023053181748,-0.190768532713447,0.196564411832577,FALSE,TRUE
"third_party_cookies","shares","age_65+",0.01,159,181,-0.0262830561438687,-0.0273911093989564,-0.511258345572003,0.539602528773568,-0.513048293850238,0.5408861719774,FALSE,TRUE
"third_party_cookies","shares","age_50-64",0.01,159,181,-0.0550436206700926,-0.0548800203253641,-0.437432996457677,0.465997454837043,-0.4393921339221,0.46692826023704,FALSE,TRUE
"third_party_cookies","shares","age_35-49",0.01,159,181,-0.0363087514495493,-0.0375545431619483,-0.396459200877152,0.409834687178635,-0.397486153571971,0.410195874080268,FALSE,TRUE
"third_party_cookies","shares","age_25-34",0.01,159,181,-0.0329549266381493,-0.0332368063495008,-0.338280300797841,0.353684619477472,-0.340173766281877,0.353423408028734,FALSE,TRUE
"third_party_cookies","totals","gender_Female",0.05,797,906,-551.130482246233,-565.200727694715,-1509.45064207068,875.074693243531,-1510.72176841972,876.662551336329,FALSE,TRUE
"third_party_cookies","totals","race_Asian",0.05,797,906,1260.64266143041,1271.20277209712,-1394.43393655759,3081.60295665323,-1393.16462489558,3085.83960336702,FALSE,TRUE
"third_party_cookies","totals","race_Black",0.05,797,906,-30.6961784445106,-90.6202205156757,-1338.80134679042,978.343463857146,-1337.25985943465,982.321413134257,FALSE,TRUE
"third_party_cookies","totals","race_Hispanic",0.05,797,906,-228.388879016135,-235.651519506452,-1490.7973382695,914.34861672373,-1489.86388959531,917.571392216634,FALSE,TRUE
"third_party_cookies","totals","race_Other",0.05,797,906,-391.98486657044,-401.953950419279,-1789.34552541177,1131.27909559072,-1787.21313231705,1135.52597649094,FALSE,TRUE
"third_party_cookies","totals","educ_College",0.05,797,906,1342.85872671943,1370.663067735,-888.488438515284,2391.55246426862,-891.817554185974,2391.15164512729,FALSE,TRUE
"third_party_cookies","totals","educ_Postgrad",0.05,797,906,1013.52284400916,1012.68698818555,-1152.15242157887,2324.34743175282,-1155.58789131669,2324.7845607462,FALSE,TRUE
"third_party_cookies","totals","educ_Some college",0.05,797,906,344.635753520128,344.926139828692,-974.027653651869,1380.34396782227,-974.319411823399,1381.90386550829,FALSE,TRUE
"third_party_cookies","totals","age_65+",0.05,797,906,1559.25308394532,1482.09234366426,-1317.6226237393,3671.23115550943,-1322.3985984836,3669.95377608921,FALSE,TRUE
"third_party_cookies","totals","age_50-64",0.05,797,906,766.976670132414,710.973050557841,-1136.15909559539,2556.73847407032,-1141.08063207576,2554.55440462752,FALSE,TRUE
"third_party_cookies","totals","age_35-49",0.05,797,906,357.040876466848,307.178796681789,-1215.0376584448,1659.16527332305,-1216.86062235163,1659.98977636816,FALSE,TRUE
"third_party_cookies","totals","age_25-34",0.05,797,906,244.860392453415,237.187968045025,-1047.77230834137,1759.40542259302,-1049.46319682068,1759.22167076238,FALSE,TRUE
"third_party_cookies","shares","gender_Female",0.05,797,906,-0.0258596699130827,-0.0262556987401903,-0.282355872922652,0.284770784021599,-0.283337325407656,0.28518213418709,FALSE,TRUE
"third_party_cookies","shares","race_Asian",0.05,797,906,0.0143804105039882,0.0146722666760691,-0.379520093148034,0.367568986336394,-0.378072713690546,0.370218989321618,FALSE,TRUE
"third_party_cookies","shares","race_Black",0.05,797,906,0.0150331671272789,-0.00931534199929701,-0.318118730561421,0.308897261898149,-0.317822525446858,0.310348278976481,FALSE,TRUE
"third_party_cookies","shares","race_Hispanic",0.05,797,906,0.0168832254889391,0.0128355976094496,-0.323843155425146,0.319485201740167,-0.323870481701966,0.320778445354361,FALSE,TRUE
"third_party_cookies","shares","race_Other",0.05,797,906,0.0125405270325601,0.00742474468888393,-0.347892974766016,0.335450326157148,-0.346953851977107,0.337836311339159,FALSE,TRUE
"third_party_cookies","shares","educ_College",0.05,797,906,0.0664557557520289,0.0638875024300656,-0.324924438183612,0.326926832243139,-0.324878859340838,0.328345458534374,FALSE,TRUE
"third_party_cookies","shares","educ_Postgrad",0.05,797,906,0.0598065724353635,0.0649789142025406,-0.350394144528268,0.348475245384243,-0.349855593929062,0.350295484742419,FALSE,TRUE
"third_party_cookies","shares","educ_Some college",0.05,797,906,0.0207126659952334,0.0173924463823105,-0.275432282801883,0.276879411128812,-0.275120751219157,0.278182817806127,FALSE,TRUE
"third_party_cookies","shares","age_65+",0.05,797,906,-0.0262830561438687,-0.051069229397214,-0.61623716480869,0.627774635857858,-0.616948030437632,0.62852096168301,FALSE,TRUE
"third_party_cookies","shares","age_50-64",0.05,797,906,-0.0550436206700926,-0.0735384151508484,-0.544330348900361,0.555716784331292,-0.54649221132917,0.554898700726334,FALSE,TRUE
"third_party_cookies","shares","age_35-49",0.05,797,906,-0.0363087514495493,-0.0567040221847141,-0.494252597569813,0.504174897491213,-0.496358977948248,0.503142517330338,FALSE,TRUE
"third_party_cookies","shares","age_25-34",0.05,797,906,-0.0329549266381493,-0.0446540092623944,-0.433142555280959,0.439890574432653,-0.435161086617438,0.438957661862863,FALSE,TRUE
"third_party_cookies","totals","gender_Female",0.1,1594,1813,-551.130482246233,-518.680999151807,-1572.67610628029,938.368888644726,-1573.30741583451,940.130088427997,FALSE,TRUE
"third_party_cookies","totals","race_Asian",0.1,1594,1813,1260.64266143041,1466.96211082889,-1463.72642443816,3152.26048611773,-1459.81854040272,3159.15193956993,FALSE,TRUE
"third_party_cookies","totals","race_Black",0.1,1594,1813,-30.6961784445106,-131.607579021776,-1401.24418173403,1043.49024441203,-1399.61272822505,1047.59187942673,FALSE,TRUE
"third_party_cookies","totals","race_Hispanic",0.1,1594,1813,-228.388879016135,-268.314259996931,-1550.12566507702,975.822623179067,-1549.09026060876,979.355326254057,FALSE,TRUE
"third_party_cookies","totals","race_Other",0.1,1594,1813,-391.98486657044,-445.765778728713,-1847.19429307438,1188.84128989688,-1842.37922016763,1195.50969020714,FALSE,TRUE
"third_party_cookies","totals","educ_College",0.1,1594,1813,1342.85872671943,1343.30022989487,-960.968061169971,2452.18917256232,-964.469868959565,2451.66962657009,FALSE,TRUE
"third_party_cookies","totals","educ_Postgrad",0.1,1594,1813,1013.52284400916,1020.95327826168,-1227.88382175932,2391.8467166591,-1229.07914638474,2392.64441698994,FALSE,TRUE
"third_party_cookies","totals","educ_Some college",0.1,1594,1813,344.635753520128,433.49698875148,-1032.18374591072,1439.75302504868,-1034.82106430266,1438.97297800382,FALSE,TRUE
"third_party_cookies","totals","age_65+",0.1,1594,1813,1559.25308394532,1678.72366468956,-1411.64557024296,3745.75705661027,-1414.93211605939,3745.21002978317,FALSE,TRUE
"third_party_cookies","totals","age_50-64",0.1,1594,1813,766.976670132414,874.127791075944,-1219.99002675601,2623.336436601,-1222.18257811998,2623.11103541766,FALSE,TRUE
"third_party_cookies","totals","age_35-49",0.1,1594,1813,357.040876466848,429.746924503836,-1286.40651916249,1721.71342251464,-1288.79057123735,1721.28444847652,FALSE,TRUE
"third_party_cookies","totals","age_25-34",0.1,1594,1813,244.860392453415,292.427234070587,-1108.43018672383,1819.03274679738,-1109.97018271282,1818.18561092154,FALSE,TRUE
"third_party_cookies","shares","gender_Female",0.1,1594,1813,-0.0258596699130827,-0.0059014731967164,-0.308156660992436,0.311390972633194,-0.30903113725975,0.311536254942314,FALSE,TRUE
"third_party_cookies","shares","race_Asian",0.1,1594,1813,0.0143804105039882,0.0405828764881261,-0.400604489597092,0.391252819417407,-0.398947700452878,0.393922391594519,FALSE,TRUE
"third_party_cookies","shares","race_Black",0.1,1594,1813,0.0150331671272789,-0.0219030375216943,-0.342158989314353,0.333994540385897,-0.341035872139691,0.33596559583159,FALSE,TRUE
"third_party_cookies","shares","race_Hispanic",0.1,1594,1813,0.0168832254889391,0.00223206438965629,-0.350242387182325,0.345474184440335,-0.34988370309438,0.347096141927004,FALSE,TRUE
"third_party_cookies","shares","race_Other",0.1,1594,1813,0.0125405270325601,-0.00134379491177058,-0.367563438403593,0.357021830782504,-0.365664398964784,0.359784876375115,FALSE,TRUE
"third_party_cookies","shares","educ_College",0.1,1594,1813,0.0664557557520289,0.0511774758159212,-0.351949129542956,0.351710375648363,-0.351671871528063,0.353128748037676,FALSE,TRUE
"third_party_cookies","shares","educ_Postgrad",0.1,1594,1813,0.0598065724353635,0.0541849761032729,-0.377940804912818,0.374843192664391,-0.377306421213063,0.376568027599659,FALSE,TRUE
"third_party_cookies","shares","educ_Some college",0.1,1594,1813,0.0207126659952334,0.0250199868646321,-0.302652914791883,0.304141720439479,-0.302898187221216,0.304804780658789,FALSE,TRUE
"third_party_cookies","shares","age_65+",0.1,1594,1813,-0.0262830561438687,-0.0107086567288339,-0.64465208102392,0.652175332159829,-0.646135657249727,0.651787939695558,FALSE,TRUE
"third_party_cookies","shares","age_50-64",0.1,1594,1813,-0.0550436206700926,-0.04021400527908,-0.574367760007221,0.581824880173904,-0.576427547120035,0.580782253845524,FALSE,TRUE
"third_party_cookies","shares","age_35-49",0.1,1594,1813,-0.0363087514495493,-0.0179406557787937,-0.521711918771145,0.530424769690422,-0.524411441148061,0.5288903231874,FALSE,TRUE
"third_party_cookies","shares","age_25-34",0.1,1594,1813,-0.0329549266381493,-0.0190498094059324,-0.458572966304811,0.4627587220188,-0.460482975069899,0.461759028105868,FALSE,TRUE
"canvas_fingerprinting","totals","gender_Female",0.01,319,21,92.5446484520572,91.3949071513683,-811.284357218093,464.272446668911,-1286.17613404929,686.435741020608,FALSE,TRUE
"canvas_fingerprinting","totals","race_Asian",0.01,319,21,19.4275209308208,35.2696181133242,-587.178164712628,2315.0768698885,-1021.90841839481,2945.70424706232,FALSE,TRUE
"canvas_fingerprinting","totals","race_Black",0.01,319,21,-39.2321432337514,-20.2454769653154,-657.082197075484,535.955737101897,-1052.37557071591,849.954817981873,FALSE,TRUE
"canvas_fingerprinting","totals","race_Hispanic",0.01,319,21,-24.5423712872639,-14.8879459567179,-823.736443970417,546.562188909285,-1205.93694411468,816.168799404263,FALSE,TRUE
"canvas_fingerprinting","totals","race_Other",0.01,319,21,191.647668042819,203.423002183322,-1006.24331802002,691.045527796728,-1422.6112430802,1058.82534972082,FALSE,TRUE
"canvas_fingerprinting","totals","educ_College",0.01,319,21,86.4417229193883,86.8585939097673,-451.205519901408,1552.11416832618,-725.982864759147,2086.45794891286,FALSE,TRUE
"canvas_fingerprinting","totals","educ_Postgrad",0.01,319,21,160.182030305209,156.741762204216,-557.105347060663,1549.94786268062,-914.470237771513,2061.6941959982,FALSE,TRUE
"canvas_fingerprinting","totals","educ_Some college",0.01,319,21,32.1098829233344,45.9716505113876,-508.585898431342,829.353190939207,-798.990200536693,1169.40534553745,FALSE,TRUE
"canvas_fingerprinting","totals","age_65+",0.01,319,21,358.778445746962,370.323528268822,-924.816218036895,2407.54518728447,-1180.85043903092,3197.58705380397,FALSE,TRUE
"canvas_fingerprinting","totals","age_50-64",0.01,319,21,152.784204150953,179.325300544857,-737.804257154323,1540.66213257298,-1015.61983039814,2166.0413083129,FALSE,TRUE
"canvas_fingerprinting","totals","age_35-49",0.01,319,21,84.4020030420355,94.8205238141689,-760.532459654341,929.316950010694,-1077.07966729715,1360.35919677414,FALSE,TRUE
"canvas_fingerprinting","totals","age_25-34",0.01,319,21,36.958530257467,24.3002392401933,-626.719470033914,962.014350207386,-901.009953993927,1517.58457911676,FALSE,TRUE
"canvas_fingerprinting","shares","gender_Female",0.01,319,21,0.0157193515416617,0.0171604737303223,-0.108725711162754,0.117231066252313,-0.211747502390829,0.19790493594432,FALSE,TRUE
"canvas_fingerprinting","shares","race_Asian",0.01,319,21,-0.0213574437888806,-0.0237205250593262,-0.127301767844236,0.218585810252419,-0.244725416032524,0.34611908326416,FALSE,TRUE
"canvas_fingerprinting","shares","race_Black",0.01,319,21,0.00454342701896807,0.00801163751096601,-0.115044277339597,0.126433081319082,-0.206508524043146,0.260881145724423,FALSE,TRUE
"canvas_fingerprinting","shares","race_Hispanic",0.01,319,21,0.00636307558736315,0.00976477745264659,-0.130089641578662,0.135949253555871,-0.214209265567975,0.256630098104275,FALSE,TRUE
"canvas_fingerprinting","shares","race_Other",0.01,319,21,0.0173018024625117,0.0223134150413208,-0.130454949495611,0.172248479911562,-0.217882997042184,0.310218858441451,FALSE,TRUE
"canvas_fingerprinting","shares","educ_College",0.01,319,21,0.00148170647886872,-0.00267095462211974,-0.112550902656555,0.140027390246145,-0.224799850080767,0.254409301883546,FALSE,TRUE
"canvas_fingerprinting","shares","educ_Postgrad",0.01,319,21,0.0191975533198959,0.014950106471893,-0.114423323239429,0.172595426905001,-0.234496627208559,0.284995957446363,FALSE,TRUE
"canvas_fingerprinting","shares","educ_Some college",0.01,319,21,0.0114326604023794,0.0104099206446765,-0.0860828223244594,0.116431761502676,-0.184622540332429,0.200868964119968,FALSE,TRUE
"canvas_fingerprinting","shares","age_65+",0.01,319,21,0.043216126886917,0.0378357688870511,-0.397322240551295,0.350373523239818,-0.550762195483935,0.499370795488335,FALSE,TRUE
"canvas_fingerprinting","shares","age_50-64",0.01,319,21,0.0128815067028681,0.0121740582064051,-0.347635306045918,0.262981051311983,-0.493581787619451,0.411305475757538,FALSE,TRUE
"canvas_fingerprinting","shares","age_35-49",0.01,319,21,0.0228261836735276,0.0210201014497294,-0.297985248488976,0.207951627976713,-0.439891268719442,0.365068750177761,FALSE,TRUE
"canvas_fingerprinting","shares","age_25-34",0.01,319,21,0.00744601536478945,0.00115719277209964,-0.24399678931366,0.168143247864038,-0.37477838258631,0.317363755250901,FALSE,TRUE
"canvas_fingerprinting","totals","gender_Female",0.05,1598,105,92.5446484520572,80.1225489439364,-1174.12977436594,626.548951827901,-1513.73356981248,871.685286710502,FALSE,TRUE
"canvas_fingerprinting","totals","race_Asian",0.05,1598,105,19.4275209308208,-31.4184528980231,-907.687506575418,2811.92568281723,-1305.67420071957,3171.61355926891,FALSE,TRUE
"canvas_fingerprinting","totals","race_Black",0.05,1598,105,-39.2321432337514,25.2575395349404,-944.368704212923,774.93268281302,-1279.04935142869,1038.66474406698,FALSE,TRUE
"canvas_fingerprinting","totals","race_Hispanic",0.05,1598,105,-24.5423712872639,-71.651511216969,-1109.11117333117,760.705113035432,-1430.05105060908,975.478294321277,FALSE,TRUE
"canvas_fingerprinting","totals","race_Other",0.05,1598,105,191.647668042819,123.635495870087,-1313.12907817342,959.187101194372,-1686.69045595461,1233.67119042286,FALSE,TRUE
"canvas_fingerprinting","totals","educ_College",0.05,1598,105,86.4417229193883,145.318893045272,-664.739982763205,1938.55871474804,-926.032694025017,2354.97232769889,FALSE,TRUE
"canvas_fingerprinting","totals","educ_Postgrad",0.05,1598,105,160.182030305209,231.398983414572,-831.233808278804,1935.81750991255,-1156.7618682717,2321.65359640387,FALSE,TRUE
"canvas_fingerprinting","totals","educ_Some college",0.05,1598,105,32.1098829233344,67.3643408846131,-733.323822611792,1085.29349959402,-991.489315884334,1362.75849291769,FALSE,TRUE
"canvas_fingerprinting","totals","age_65+",0.05,1598,105,358.778445746962,312.289894483028,-1179.92632092025,2952.14073961073,-1399.51900134662,3588.66585856824,FALSE,TRUE
"canvas_fingerprinting","totals","age_50-64",0.05,1598,105,152.784204150953,89.1221787355065,-991.708454735683,1991.24850328343,-1208.09914794122,2484.93404674436,FALSE,TRUE
"canvas_fingerprinting","totals","age_35-49",0.05,1598,105,84.4020030420355,-39.3420149745058,-1026.88451375268,1228.40764456766,-1263.75262656716,1611.48399956744,FALSE,TRUE
"canvas_fingerprinting","totals","age_25-34",0.05,1598,105,36.958530257467,-80.1063657874357,-852.003446414384,1382.10182038386,-1069.69095198411,1737.75116254488,FALSE,TRUE
"canvas_fingerprinting","shares","gender_Female",0.05,1598,105,0.0157193515416617,0.0217869992503017,-0.183466284043082,0.174378737950105,-0.291343450819128,0.276550937695024,FALSE,TRUE
"canvas_fingerprinting","shares","race_Asian",0.05,1598,105,-0.0213574437888806,-0.0239987677156178,-0.203333394750017,0.324168719104731,-0.344261697781126,0.403450005985956,FALSE,TRUE
"canvas_fingerprinting","shares","race_Black",0.05,1598,105,0.00454342701896807,0.00161147910188033,-0.177763634168411,0.221051936076419,-0.291192584579529,0.336218454765808,FALSE,TRUE
"canvas_fingerprinting","shares","race_Hispanic",0.05,1598,105,0.00636307558736315,0.003558879997918,-0.191660033123806,0.223713475231815,-0.302052424234035,0.341631249665659,FALSE,TRUE
"canvas_fingerprinting","shares","race_Other",0.05,1598,105,0.0173018024625117,0.0113512683887445,-0.191760978793404,0.27079517159777,-0.309605554546863,0.374348774905414,FALSE,TRUE
"canvas_fingerprinting","shares","educ_College",0.05,1598,105,0.00148170647886872,0.00357311871054735,-0.188598882843707,0.224295561080177,-0.318229701775122,0.334441630901492,FALSE,TRUE
"canvas_fingerprinting","shares","educ_Postgrad",0.05,1598,105,0.0191975533198959,0.0172285051195848,-0.193585250562364,0.25716574008935,-0.336234941304827,0.363363502020011,FALSE,TRUE
"canvas_fingerprinting","shares","educ_Some college",0.05,1598,105,0.0114326604023794,0.0100624329562291,-0.153869928255824,0.179403113901558,-0.274912003098372,0.277546487141119,FALSE,TRUE
"canvas_fingerprinting","shares","age_65+",0.05,1598,105,0.043216126886917,0.0360360777021845,-0.520188718810138,0.453543989598022,-0.638179175687787,0.606718158041856,FALSE,TRUE
"canvas_fingerprinting","shares","age_50-64",0.05,1598,105,0.0128815067028681,0.00326298565587441,-0.465307963937515,0.361185279387418,-0.572746467565699,0.527680164915127,FALSE,TRUE
"canvas_fingerprinting","shares","age_35-49",0.05,1598,105,0.0228261836735276,0.0124330302574643,-0.412112806148068,0.308022829144043,-0.521103895877512,0.477103975287997,FALSE,TRUE
"canvas_fingerprinting","shares","age_25-34",0.05,1598,105,0.00744601536478945,-0.00600189797100045,-0.346383860309251,0.266769025376118,-0.451292340865051,0.422129461659307,FALSE,TRUE
"canvas_fingerprinting","totals","gender_Female",0.1,3197,210,92.5446484520572,4.36379207083252,-1316.85672445426,716.217611399854,-1577.03944098538,935.276264777449,FALSE,TRUE
"canvas_fingerprinting","totals","race_Asian",0.1,3197,210,19.4275209308208,422.3697120485,-1051.32657093727,2971.15860971524,-1392.92356996974,3225.36085768845,FALSE,TRUE
"canvas_fingerprinting","totals","race_Black",0.1,3197,210,-39.2321432337514,-52.4064922122364,-1065.62517968191,885.411287654612,-1353.86298094806,1092.24514871995,FALSE,TRUE
"canvas_fingerprinting","totals","race_Hispanic",0.1,3197,210,-24.5423712872639,-139.871171730587,-1228.28152012877,849.907261427974,-1504.98050818772,1022.2766132852,FALSE,TRUE
"canvas_fingerprinting","totals","race_Other",0.1,3197,210,191.647668042819,127.191731147018,-1445.72479752538,1091.50570299887,-1771.27854810074,1265.60665257809,FALSE,TRUE
"canvas_fingerprinting","totals","educ_College",0.1,3197,210,86.4417229193883,81.267637426999,-765.880198444476,2101.27939077364,-983.158343732872,2432.39248590775,FALSE,TRUE
"canvas_fingerprinting","totals","educ_Postgrad",0.1,3197,210,160.182030305209,77.8291024870873,-956.182059030327,2084.63237792371,-1223.65503224152,2397.12733970003,FALSE,TRUE
"canvas_fingerprinting","totals","educ_Some college",0.1,3197,210,32.1098829233344,-4.64976713382765,-832.010367280503,1191.56364968732,-1046.23015036037,1426.5822611151,FALSE,TRUE
"canvas_fingerprinting","totals","age_65+",0.1,3197,210,358.778445746962,459.082923088779,-1272.03414979367,3199.66045947391,-1463.6953034804,3694.54282555656,FALSE,TRUE
"canvas_fingerprinting","totals","age_50-64",0.1,3197,210,152.784204150953,231.352858549652,-1082.41810357601,2168.67879034469,-1266.15309704729,2577.64443291172,FALSE,TRUE
"canvas_fingerprinting","totals","age_35-49",0.1,3197,210,84.4020030420355,120.752857748716,-1124.55127193559,1370.40275398295,-1321.76666288948,1687.17576418257,FALSE,TRUE
"canvas_fingerprinting","totals","age_25-34",0.1,3197,210,36.958530257467,264.296770323113,-931.11675750491,1531.62151226689,-1124.26239699312,1803.40834706112,FALSE,TRUE
"canvas_fingerprinting","shares","gender_Female",0.1,3197,210,0.0157193515416617,0.00864034798638065,-0.225089064606831,0.207141220373545,-0.315224674680822,0.304968295860834,FALSE,TRUE
"canvas_fingerprinting","shares","race_Asian",0.1,3197,210,-0.0213574437888806,0.0104010360642652,-0.248675975508437,0.36081348133316,-0.377560759414733,0.414895027046295,FALSE,TRUE
"canvas_fingerprinting","shares","race_Black",0.1,3197,210,0.00454342701896807,0.0066679304028292,-0.215340570208435,0.268945018117879,-0.322220377975902,0.354397889598496,FALSE,TRUE
"canvas_fingerprinting","shares","race_Hispanic",0.1,3197,210,0.00636307558736315,0.00531787045244886,-0.229809696410247,0.264698639017298,-0.333382420483681,0.363099305435216,FALSE,TRUE
"canvas_fingerprinting","shares","race_Other",0.1,3197,210,0.0173018024625117,0.0203775955242205,-0.22814077001303,0.316817425060517,-0.34208143925929,0.383051396323032,FALSE,TRUE
"canvas_fingerprinting","shares","educ_College",0.1,3197,210,0.00148170647886872,-0.000512140166071245,-0.232435527491809,0.264565345476622,-0.34805894614185,0.35654286232947,FALSE,TRUE
"canvas_fingerprinting","shares","educ_Postgrad",0.1,3197,210,0.0191975533198959,0.00791353301127123,-0.243188263175998,0.297368075101643,-0.368688932624751,0.384951200721144,FALSE,TRUE
"canvas_fingerprinting","shares","educ_Some college",0.1,3197,210,0.0114326604023794,0.0127546974043773,-0.195517588390248,0.212536041180123,-0.304006502788243,0.303324100052889,FALSE,TRUE
"canvas_fingerprinting","shares","age_65+",0.1,3197,210,0.043216126886917,0.0354213491977346,-0.565429509395837,0.507259220831302,-0.659239707480302,0.63831720187004,FALSE,TRUE
"canvas_fingerprinting","shares","age_50-64",0.1,3197,210,0.0128815067028681,0.020498577336471,-0.508293336526356,0.417689056740966,-0.591734647342451,0.564850176436232,FALSE,TRUE
"canvas_fingerprinting","shares","age_35-49",0.1,3197,210,0.0228261836735276,0.033201117951906,-0.456202437386704,0.368240190988814,-0.539932004035764,0.512804653068346,FALSE,TRUE
"canvas_fingerprinting","shares","age_25-34",0.1,3197,210,0.00744601536478945,0.00274044498887105,-0.385809296506563,0.319403351328872,-0.468918234921443,0.453099769666799,FALSE,TRUE
"session_recording","totals","gender_Female",0.01,310,30,-2.91083762123619,-85.7631704515667,-903.160116602005,464.867749215765,-1299.60547587186,683.104821882179,FALSE,TRUE
"session_recording","totals","race_Asian",0.01,310,30,-58.4259797252225,106.230946489514,-646.591186451508,2349.57289562485,-1045.26058955986,2934.05385272056,FALSE,TRUE
"session_recording","totals","race_Black",0.01,310,30,-3.45339699257376,-60.87006423662,-711.385729913059,580.369703399607,-1038.26440882566,867.81583436179,FALSE,TRUE
"session_recording","totals","race_Hispanic",0.01,310,30,-19.9252129741446,-53.2899601823934,-889.111525349141,590.639258384776,-1207.78172014834,818.501558282882,FALSE,TRUE
"session_recording","totals","race_Other",0.01,310,30,-33.0737658243145,-93.3773396644842,-1076.02460446121,727.101066620597,-1431.81460204175,1056.18373829817,FALSE,TRUE
"session_recording","totals","educ_College",0.01,310,30,87.4675770732857,190.550591177278,-491.687372574079,1635.05693740239,-725.123689303843,2090.70509258844,FALSE,TRUE
"session_recording","totals","educ_Postgrad",0.01,310,30,68.0090121503374,93.5109186466369,-616.49692767575,1614.51397819971,-908.399221750421,2073.73865699608,FALSE,TRUE
"session_recording","totals","educ_Some college",0.01,310,30,4.55760768496551,22.5683904257251,-559.44195748924,868.939239926692,-805.060350278036,1168.73931671843,FALSE,TRUE
"session_recording","totals","age_65+",0.01,310,30,136.04482495146,125.405995606791,-964.700953121653,2471.60343730644,-1203.53242650893,3189.31013900295,FALSE,TRUE
"session_recording","totals","age_50-64",0.01,310,30,75.5983654471713,61.5194944581265,-782.12932878857,1606.14335949302,-1033.06108397687,2159.38435361632,FALSE,TRUE
"session_recording","totals","age_35-49",0.01,310,30,37.4274049900243,112.626113585515,-797.890127756727,988.693606155803,-1078.80138132403,1362.98586071529,FALSE,TRUE
"session_recording","totals","age_25-34",0.01,310,30,0.797564186015275,107.210324262627,-646.008650610267,1047.47597484188,-906.959611656113,1516.51758453538,FALSE,TRUE
"session_recording","shares","gender_Female",0.01,310,30,0.00654691225835627,0.00288305180147756,-0.120113753977729,0.120670082301138,-0.213863076336697,0.197998218788678,FALSE,TRUE
"session_recording","shares","race_Asian",0.01,310,30,-0.0196789731694422,-0.0186590177068126,-0.13650798606623,0.232678217801936,-0.248733092017223,0.34495316183192,FALSE,TRUE
"session_recording","shares","race_Black",0.01,310,30,0.0098092589100027,0.0024034655649948,-0.124164021597027,0.14173087161856,-0.205524660486872,0.2630724233985,FALSE,TRUE
"session_recording","shares","race_Hispanic",0.01,310,30,0.00107938459259138,-0.0041072426399111,-0.141084975024461,0.142935330978477,-0.217285883452338,0.256409979719339,FALSE,TRUE
"session_recording","shares","race_Other",0.01,310,30,0.000370962886459648,-0.00608026959220985,-0.14455463293771,0.177489005013881,-0.22452962783571,0.305402304298696,FALSE,TRUE
"session_recording","shares","educ_College",0.01,310,30,0.00287730342033712,0.00470193893039342,-0.119833647110965,0.15732586763902,-0.223839251516026,0.256918025442346,FALSE,TRUE
"session_recording","shares","educ_Postgrad",0.01,310,30,0.00558540158279512,0.00894265620196937,-0.122660853200215,0.187647459732162,-0.233564392191201,0.288331193194541,FALSE,TRUE
"session_recording","shares","educ_Some college",0.01,310,30,0.00586173866597847,0.00930235503842117,-0.0917588757185489,0.126209370962532,-0.185780977777432,0.201427499386742,FALSE,TRUE
"session_recording","shares","age_65+",0.01,310,30,0.0197176204814409,0.0115791512866549,-0.41466093185207,0.363674017120462,-0.552845075466141,0.50176259054833,FALSE,TRUE
"session_recording","shares","age_50-64",0.01,310,30,0.0229878675295258,0.0189062160122455,-0.364189809244111,0.28727618989562,-0.491480390893856,0.415099480909576,FALSE,TRUE
"session_recording","shares","age_35-49",0.01,310,30,0.0192883250878168,0.0232463388921489,-0.31278401482252,0.223869466246773,-0.441676032218591,0.365798584640904,FALSE,TRUE
"session_recording","shares","age_25-34",0.01,310,30,0.00341251248152802,0.0124904499859297,-0.255989203822839,0.180485460188695,-0.376167983012566,0.317574386067736,FALSE,TRUE
"session_recording","totals","gender_Female",0.05,1551,152,-2.91083762123619,121.903157921447,-1241.68372442023,663.189584431632,-1513.93674385991,872.758910449932,FALSE,TRUE
"session_recording","totals","race_Asian",0.05,1551,152,-58.4259797252225,-8.00039562618539,-980.91540641936,2873.56594647136,-1311.22391229691,3166.98298511608,FALSE,TRUE
"session_recording","totals","race_Black",0.05,1551,152,-3.45339699257376,-224.544989757613,-995.997993183063,840.14351800898,-1278.52613408022,1040.42929411974,FALSE,TRUE
"session_recording","totals","race_Hispanic",0.05,1551,152,-19.9252129741446,-218.734923502326,-1167.51833908394,808.01786259761,-1433.09293685044,973.668895660888,FALSE,TRUE
"session_recording","totals","race_Other",0.05,1551,152,-33.0737658243145,-182.903712325889,-1371.79471312648,1016.72617977103,-1693.01479468633,1229.16577178656,FALSE,TRUE
"session_recording","totals","educ_College",0.05,1551,152,87.4675770732857,166.3517350941,-712.855280966021,2015.0375548847,-924.825288299062,2358.12151225469,FALSE,TRUE
"session_recording","totals","educ_Postgrad",0.05,1551,152,68.0090121503374,168.075650895738,-885.496508005569,2012.78400683918,-1153.45886450266,2326.06469331144,FALSE,TRUE
"session_recording","totals","educ_Some college",0.05,1551,152,4.55760768496551,67.1021654730653,-776.352276215788,1135.98271773611,-990.866177242359,1364.67303429444,FALSE,TRUE
"session_recording","totals","age_65+",0.05,1551,152,136.04482495146,788.899788710733,-1224.16083000336,3051.52150726131,-1404.30170894502,3588.38018751049,FALSE,TRUE
"session_recording","totals","age_50-64",0.05,1551,152,75.5983654471713,629.20791804149,-1035.63337303251,2056.21050534671,-1208.61376647599,2486.72655124567,FALSE,TRUE
"session_recording","totals","age_35-49",0.05,1551,152,37.4274049900243,205.454839144216,-1074.20460860807,1303.91002658009,-1262.27044907994,1614.02078074112,FALSE,TRUE
"session_recording","totals","age_25-34",0.05,1551,152,0.797564186015275,172.841213253753,-887.015983179753,1455.32872702823,-1070.95854264134,1737.61487484288,FALSE,TRUE
"session_recording","shares","gender_Female",0.05,1551,152,0.00654691225835627,0.0436617337929547,-0.201618324784318,0.189348891342061,-0.29143125120136,0.27711082222827,FALSE,TRUE
"session_recording","shares","race_Asian",0.05,1551,152,-0.0196789731694422,-0.0296856444777581,-0.224962590348306,0.338868450029038,-0.346433770493198,0.401739947254141,FALSE,TRUE
"session_recording","shares","race_Black",0.05,1551,152,0.0098092589100027,-0.0239134934619355,-0.194316198286208,0.247154708888882,-0.292236480447397,0.335852733649444,FALSE,TRUE
"session_recording","shares","race_Hispanic",0.05,1551,152,0.00107938459259138,-0.0387338795301703,-0.20866809990046,0.242243194961611,-0.303980753849752,0.3403218162781,FALSE,TRUE
"session_recording","shares","race_Other",0.05,1551,152,0.000370962886459648,-0.0319997524304815,-0.210727955321447,0.287922235632432,-0.312192623314822,0.372489337881902,FALSE,TRUE
"session_recording","shares","educ_College",0.05,1551,152,0.00287730342033712,-0.0368436974055286,-0.210776111351919,0.243513992229564,-0.317592330913252,0.335455180307958,FALSE,TRUE
"session_recording","shares","educ_Postgrad",0.05,1551,152,0.00558540158279512,-0.0168707502074887,-0.215656649804105,0.276460218386927,-0.33563594163175,0.364347588321922,FALSE,TRUE
"session_recording","shares","educ_Some college",0.05,1551,152,0.00586173866597847,-0.00579094953322356,-0.172142064953123,0.195321517616126,-0.275086769677783,0.278084472492238,FALSE,TRUE
"session_recording","shares","age_65+",0.05,1551,152,0.0197176204814409,0.124275479538715,-0.538630159182967,0.476349545147723,-0.638397728805358,0.607336165706307,FALSE,TRUE
"session_recording","shares","age_50-64",0.05,1551,152,0.0229878675295258,0.117385746614715,-0.484362257102058,0.38943509357592,-0.572557419087229,0.528652399251399,FALSE,TRUE
"session_recording","shares","age_35-49",0.05,1551,152,0.0192883250878168,0.0739758481353738,-0.432389786385384,0.339021877888793,-0.521001844173902,0.478285081087155,FALSE,TRUE
"session_recording","shares","age_25-34",0.05,1551,152,0.00341251248152802,0.047960684517222,-0.363981567021715,0.291141647170355,-0.451461800198008,0.422606940734834,FALSE,TRUE
"session_recording","totals","gender_Female",0.1,3103,304,-2.91083762123619,-20.4693134018376,-1376.80576364097,758.903206738718,-1577.30365998208,935.843649744062,FALSE,TRUE
"session_recording","totals","race_Asian",0.1,3103,304,-58.4259797252225,-36.0825637988024,-1123.43656348534,3023.92566470344,-1397.06566703092,3221.51862082501,FALSE,TRUE
"session_recording","totals","race_Black",0.1,3103,304,-3.45339699257376,-42.5927746118208,-1115.7054146401,941.460433743796,-1355.02821525608,1091.81966430731,FALSE,TRUE
"session_recording","totals","race_Hispanic",0.1,3103,304,-19.9252129741446,-50.7860579645328,-1281.14654068672,888.036596414638,-1507.45663462263,1020.51316944041,FALSE,TRUE
"session_recording","totals","race_Other",0.1,3103,304,-33.0737658243145,-67.96185014918,-1506.27545285336,1130.23511176679,-1775.9028257558,1261.69569538616,FALSE,TRUE
"session_recording","totals","educ_College",0.1,3103,304,87.4675770732857,81.0836696854434,-814.258417631555,2171.51047831843,-981.638076189968,2434.64466437682,FALSE,TRUE
"session_recording","totals","educ_Postgrad",0.1,3103,304,68.0090121503374,39.7040278590616,-1008.29921910025,2150.94845923125,-1222.15469310863,2399.37000555629,FALSE,TRUE
"session_recording","totals","educ_Some college",0.1,3103,304,4.55760768496551,31.2503621366792,-877.551582302827,1238.81736834608,-1045.53041748626,1427.82391953395,FALSE,TRUE
"session_recording","totals","age_65+",0.1,3103,304,136.04482495146,277.686791961058,-1315.80210654816,3284.55447479457,-1464.27810940557,3695.90659692847,FALSE,TRUE
"session_recording","totals","age_50-64",0.1,3103,304,75.5983654471713,179.170392832025,-1123.85157555222,2245.06628140072,-1265.44641253741,2579.3548693109,FALSE,TRUE
"session_recording","totals","age_35-49",0.1,3103,304,37.4274049900243,71.6483612808888,-1166.94689624869,1432.65451151599,-1320.01723439959,1689.69801125782,FALSE,TRUE
"session_recording","totals","age_25-34",0.1,3103,304,0.797564186015275,99.8109738975001,-971.80848418732,1587.68366605173,-1124.13986970513,1804.00674792684,FALSE,TRUE
"session_recording","shares","gender_Female",0.1,3103,304,0.00654691225835627,0.00556697700630347,-0.243523658643992,0.225510292738132,-0.314880149968591,0.305609773185837,FALSE,TRUE
"session_recording","shares","race_Asian",0.1,3103,304,-0.0196789731694422,-0.0226774595048065,-0.274363368665412,0.373912521973903,-0.379138135220457,0.413545601622937,FALSE,TRUE
"session_recording","shares","race_Black",0.1,3103,304,0.0098092589100027,-0.00486987734418895,-0.23404463352845,0.291354837843969,-0.323199148372868,0.353766903510846,FALSE,TRUE
"session_recording","shares","race_Hispanic",0.1,3103,304,0.00107938459259138,-0.000824295766616896,-0.248655486860069,0.285948589048975,-0.334771695925407,0.362064958643903,FALSE,TRUE
"session_recording","shares","race_Other",0.1,3103,304,0.000370962886459648,0.000340403022340821,-0.249464698119879,0.334148791977321,-0.343827057963343,0.381582033624598,FALSE,TRUE
"session_recording","shares","educ_College",0.1,3103,304,0.00287730342033712,0.000838406172491022,-0.255885993044299,0.286371539767484,-0.347585570359648,0.357117654219008,FALSE,TRUE
"session_recording","shares","educ_Postgrad",0.1,3103,304,0.00558540158279512,-0.00734421753378335,-0.266646418266764,0.31461815588189,-0.368385925647531,0.385387450894081,FALSE,TRUE
"session_recording","shares","educ_Some college",0.1,3103,304,0.00586173866597847,-0.00172744678703962,-0.21778991914973,0.228200267051831,-0.303912300000771,0.303645394757353,FALSE,TRUE
"session_recording","shares","age_65+",0.1,3103,304,0.0197176204814409,0.0139822058331022,-0.587798632670119,0.529098811100563,-0.659122730926462,0.638738926403356,FALSE,TRUE
"session_recording","shares","age_50-64",0.1,3103,304,0.0229878675295258,0.0233199952649448,-0.529285450699795,0.444514654770601,-0.591576444799748,0.565426111918677,FALSE,TRUE
"session_recording","shares","age_35-49",0.1,3103,304,0.0192883250878168,0.0170098681843894,-0.476885099344773,0.395567179436346,-0.539438347502253,0.513682069344204,FALSE,TRUE
"session_recording","shares","age_25-34",0.1,3103,304,0.00341251248152802,0.000787575001956522,-0.405332547805793,0.345268789838443,-0.468670303166192,0.453505921496929,FALSE,TRUE
"key_logging","totals","gender_Female",0.01,328,12,-1.03878828689685,95.7423112208463,-694.915075114599,348.789099493219,-1303.72919083083,677.899664753565,FALSE,TRUE
"key_logging","totals","race_Asian",0.01,328,12,-142.362715296782,-75.2432037167894,-429.44176610418,2027.41319931014,-1023.09255248879,2955.73974823689,FALSE,TRUE
"key_logging","totals","race_Black",0.01,328,12,-33.0005611208838,-155.464977519396,-520.527987883787,404.151035781166,-1033.51944771648,870.589435497516,FALSE,TRUE
"key_logging","totals","race_Hispanic",0.01,328,12,-53.964067049211,-194.640545992554,-697.889217143337,435.629047539909,-1207.13782968978,817.957675052908,FALSE,TRUE
"key_logging","totals","race_Other",0.01,328,12,-137.961328583492,-303.560033589173,-868.044263588191,533.098001727645,-1411.27982180591,1075.04862153373,FALSE,TRUE
"key_logging","totals","educ_College",0.01,328,12,169.296879216253,237.479197991297,-314.064700777194,1367.32567355469,-731.682530172771,2083.27753164172,FALSE,TRUE
"key_logging","totals","educ_Postgrad",0.01,328,12,6.11646807785358,78.574936694884,-399.873215016105,1278.5773588713,-918.078989603485,2066.21012494859,FALSE,TRUE
"key_logging","totals","educ_Some college",0.01,328,12,-17.204572262943,-22.5296784743468,-408.348946317418,714.306993826541,-805.489242381979,1167.28264184899,FALSE,TRUE
"key_logging","totals","age_65+",0.01,328,12,287.784817278144,825.711956351201,-802.07862386254,2095.62774721043,-1226.74264589113,3159.30038377989,FALSE,TRUE
"key_logging","totals","age_50-64",0.01,328,12,146.718846432802,578.895211777475,-625.583461514771,1286.98298597877,-1054.89125236528,2137.11920098458,FALSE,TRUE
"key_logging","totals","age_35-49",0.01,328,12,94.5625023471437,174.07719174763,-656.63211593188,741.048124548623,-1104.30755840041,1338.86337696146,FALSE,TRUE
"key_logging","totals","age_25-34",0.01,328,12,-95.6245332026223,-14.3731483009947,-516.150245069251,772.065321690673,-913.464434146111,1510.05674663974,FALSE,TRUE
"key_logging","shares","gender_Female",0.01,328,12,0.00212907353973012,0.022785879933724,-0.0795947354213995,0.0876375470431501,-0.216929656711771,0.195169662626881,FALSE,TRUE
"key_logging","shares","race_Asian",0.01,328,12,-0.0251810418150637,-0.0294873817900788,-0.0896155749201916,0.165461362892141,-0.239757258653962,0.354059491593345,FALSE,TRUE
"key_logging","shares","race_Black",0.01,328,12,0.00401521967732584,-0.00801499765741487,-0.0866205444321247,0.0915656830220593,-0.203789806728455,0.265249925725127,FALSE,TRUE
"key_logging","shares","race_Hispanic",0.01,328,12,-0.000561526200934884,-0.033237203924583,-0.105020568942505,0.0883152922756994,-0.2201937498405,0.253378239046424,FALSE,TRUE
"key_logging","shares","race_Other",0.01,328,12,-0.0105019792679701,-0.0393475904526972,-0.105914084700189,0.116419171744594,-0.216851574485494,0.312967127551272,FALSE,TRUE
"key_logging","shares","educ_College",0.01,328,12,0.00685316460493902,-0.0137597289981445,-0.0744373688651146,0.110632443308907,-0.220624298876603,0.26037681230678,FALSE,TRUE
"key_logging","shares","educ_Postgrad",0.01,328,12,-0.000521553534271924,-0.0137344288767341,-0.0761170762224448,0.127956938130145,-0.231157600886719,0.29101525983392,FALSE,TRUE
"key_logging","shares","educ_Some college",0.01,328,12,0.000795302667619922,-0.0141216732784849,-0.058018449214524,0.0849563203754334,-0.184517164990988,0.202626409499252,FALSE,TRUE
"key_logging","shares","age_65+",0.01,328,12,0.0468101814406801,0.124070517129047,-0.336477719867567,0.296535709163231,-0.558801308636347,0.495126437958496,FALSE,TRUE
"key_logging","shares","age_50-64",0.01,328,12,0.0342175433728923,0.100152493163132,-0.296752679212337,0.215366936263543,-0.504419774126414,0.403119013792819,FALSE,TRUE
"key_logging","shares","age_35-49",0.01,328,12,0.0257902222041736,0.0470727757080903,-0.25110412398736,0.149686698954413,-0.452129624174923,0.355594658981693,FALSE,TRUE
"key_logging","shares","age_25-34",0.01,328,12,0.00121680628976746,0.0259731889193286,-0.19835270305538,0.125871377014422,-0.380848789673512,0.312609580956966,FALSE,TRUE
"key_logging","totals","gender_Female",0.05,1641,62,-1.03878828689685,-116.108133784168,-1058.26066971245,527.933547953218,-1516.71981665362,870.792318847287,FALSE,TRUE
"key_logging","totals","race_Asian",0.05,1641,62,-142.362715296782,461.815635028659,-767.446145407892,2606.58771904215,-1299.04897679727,3180.00463281629,FALSE,TRUE
"key_logging","totals","race_Black",0.05,1641,62,-33.0005611208838,-40.6058517955975,-819.295767481031,681.992499222274,-1271.06651647344,1048.38942153187,FALSE,TRUE
"key_logging","totals","race_Hispanic",0.05,1641,62,-53.964067049211,164.170445694105,-990.052769220884,666.176991316742,-1428.40494949975,978.852045749492,FALSE,TRUE
"key_logging","totals","race_Other",0.05,1641,62,-137.961328583492,-352.979834454119,-1181.7773516222,848.364473684753,-1678.1120058491,1244.38106146971,FALSE,TRUE
"key_logging","totals","educ_College",0.05,1641,62,169.296879216253,825.734003511703,-578.197150848428,1785.91502721839,-927.129723070484,2355.95909781789,FALSE,TRUE
"key_logging","totals","educ_Postgrad",0.05,1641,62,6.11646807785358,545.252708557335,-719.217681740782,1768.17399886199,-1153.86446121076,2326.63737113873,FALSE,TRUE
"key_logging","totals","educ_Some college",0.05,1641,62,-17.204572262943,237.742008224698,-645.282846414237,968.356866138708,-993.805043629294,1362.39026898945,FALSE,TRUE
"key_logging","totals","age_65+",0.05,1641,62,287.784817278144,542.177360602364,-1082.01692060155,2701.81461727559,-1417.45576029108,3575.4452680533,FALSE,TRUE
"key_logging","totals","age_50-64",0.05,1641,62,146.718846432802,227.874531797126,-898.957107208015,1796.17384116312,-1222.19229321346,2473.49895100191,FALSE,TRUE
"key_logging","totals","age_35-49",0.05,1641,62,94.5625023471437,52.7942030212425,-926.551961116333,1089.43862180251,-1274.34995832506,1602.96766925916,FALSE,TRUE
"key_logging","totals","age_25-34",0.05,1641,62,-95.6245332026223,-167.734958255912,-754.030474406733,1227.30456089816,-1075.55726876184,1732.97244657016,FALSE,TRUE
"key_logging","shares","gender_Female",0.05,1641,62,0.00212907353973012,0.0157105115258751,-0.151560133593305,0.140357572493603,-0.292712671406959,0.275952307504819,FALSE,TRUE
"key_logging","shares","race_Asian",0.05,1641,62,-0.0251810418150637,-0.0136473824142903,-0.1607670054728,0.282637491940832,-0.341643576507046,0.406645380267296,FALSE,TRUE
"key_logging","shares","race_Black",0.05,1641,62,0.00401521967732584,0.000828955320714623,-0.143314389249512,0.179872734069199,-0.288896110991165,0.339192817995686,FALSE,TRUE
"key_logging","shares","race_Hispanic",0.05,1641,62,-0.000561526200934884,0.0187776636432931,-0.159948391289236,0.173330044532923,-0.302798924941477,0.341741586606764,FALSE,TRUE
"key_logging","shares","race_Other",0.05,1641,62,-0.0105019792679701,0.00347834550624828,-0.157844188010135,0.226791797685159,-0.307073619347523,0.377686386910088,FALSE,TRUE
"key_logging","shares","educ_College",0.05,1641,62,0.00685316460493902,0.0497758532450964,-0.148520760142844,0.184216472651713,-0.316428430014971,0.336793615936996,FALSE,TRUE
"key_logging","shares","educ_Postgrad",0.05,1641,62,-0.000521553534271924,0.0347634976108054,-0.150901407330359,0.216782654818403,-0.333645943729774,0.36655280495484,FALSE,TRUE
"key_logging","shares","educ_Some college",0.05,1641,62,0.000795302667619922,0.00936827258005019,-0.119298835579855,0.147692691836322,-0.274469340719253,0.278737134360621,FALSE,TRUE
"key_logging","shares","age_65+",0.05,1641,62,0.0468101814406801,-0.0804159144938047,-0.468490238380016,0.397856008498243,-0.642326061400491,0.603580778637862,FALSE,TRUE
"key_logging","shares","age_50-64",0.05,1641,62,0.0342175433728923,-0.0744306660050931,-0.415928122506557,0.308738036982839,-0.577979900260112,0.523502169716549,FALSE,TRUE
"key_logging","shares","age_35-49",0.05,1641,62,0.0257902222041736,-0.0415471983574808,-0.365686445232214,0.25683873461202,-0.526340999603077,0.473100650551769,FALSE,TRUE
"key_logging","shares","age_25-34",0.05,1641,62,0.00121680628976746,-0.0437457836021563,-0.3026974319946,0.217985051064282,-0.453937954920983,0.420090616668362,FALSE,TRUE
"key_logging","totals","gender_Female",0.1,3282,125,-1.03878828689685,-73.4155751075652,-1221.25092532069,627.794448482613,-1578.58589560732,934.87580544297,FALSE,TRUE
"key_logging","totals","race_Asian",0.1,3282,125,-142.362715296782,7.44769599758872,-929.69332358595,2851.28658564608,-1388.11482772009,3230.87981643398,FALSE,TRUE
"key_logging","totals","race_Black",0.1,3282,125,-33.0005611208838,-6.69114301198943,-957.663994244509,809.30863154208,-1349.56065270037,1097.61755879863,FALSE,TRUE
"key_logging","totals","race_Hispanic",0.1,3282,125,-53.964067049211,-76.0698484502695,-1129.04120433385,776.163142868922,-1502.91473094716,1025.56781983166,FALSE,TRUE
"key_logging","totals","race_Other",0.1,3282,125,-137.961328583492,-185.056481098832,-1328.48074108708,1003.35431048142,-1765.70533011085,1272.17954345943,FALSE,TRUE
"key_logging","totals","educ_College",0.1,3282,125,169.296879216253,252.723394047724,-687.874251402876,1975.55579287037,-983.080705153752,2433.20973034606,FALSE,TRUE
"key_logging","totals","educ_Postgrad",0.1,3282,125,6.11646807785358,15.5482864197734,-859.204111339985,1957.88448203125,-1220.85712340486,2400.84231409095,FALSE,TRUE
"key_logging","totals","educ_Some college",0.1,3282,125,-17.204572262943,-34.8935386808905,-754.00386336816,1096.12696001667,-1047.73453746469,1426.03239106426,FALSE,TRUE
"key_logging","totals","age_65+",0.1,3282,125,287.784817278144,352.617020308715,-1201.2784958179,2983.08181608691,-1471.9779876533,3688.33050581124,FALSE,TRUE
"key_logging","totals","age_50-64",0.1,3282,125,146.718846432802,141.69173108647,-1020.53724604889,1998.56766517487,-1274.0688006075,2571.4174397693,FALSE,TRUE
"key_logging","totals","age_35-49",0.1,3282,125,94.5625023471437,48.6630573813018,-1059.4150878534,1238.33507734576,-1327.08994273166,1683.05037863919,FALSE,TRUE
"key_logging","totals","age_25-34",0.1,3282,125,-95.6245332026223,34.1987453168311,-860.59350041328,1427.75320423029,-1127.17354599764,1801.00500436401,FALSE,TRUE
"key_logging","shares","gender_Female",0.1,3282,125,0.00212907353973012,-0.00976436477552928,-0.196297161842906,0.175845682566853,-0.315716263525569,0.304871648514711,FALSE,TRUE
"key_logging","shares","race_Asian",0.1,3282,125,-0.0251810418150637,-0.021667877854448,-0.207981716216006,0.334573299983955,-0.37616439735714,0.416675682632711,FALSE,TRUE
"key_logging","shares","race_Black",0.1,3282,125,0.00401521967732584,0.024568719694911,-0.179983884803296,0.238167991463745,-0.320759276776609,0.356221390040996,FALSE,TRUE
"key_logging","shares","race_Hispanic",0.1,3282,125,-0.000561526200934884,0.00735082186734683,-0.196825305402326,0.229441626101136,-0.333176421184648,0.363764967454566,FALSE,TRUE
"key_logging","shares","race_Other",0.1,3282,125,-0.0105019792679701,0.00445240632857203,-0.195626515787701,0.283906435209802,-0.340542985650715,0.384889103541661,FALSE,TRUE
"key_logging","shares","educ_College",0.1,3282,125,0.00685316460493902,0.00234366496671993,-0.198244089561119,0.232742790465261,-0.346900328794839,0.357954533566988,FALSE,TRUE
"key_logging","shares","educ_Postgrad",0.1,3282,125,-0.000521553534271924,-0.0249222576005784,-0.20473857007918,0.265561196346386,-0.367084556606067,0.386793393633692,FALSE,TRUE
"key_logging","shares","educ_Some college",0.1,3282,125,0.000795302667619922,-0.00350129403988625,-0.164286844360081,0.182935338031856,-0.303799647520921,0.303844597625007,FALSE,TRUE
"key_logging","shares","age_65+",0.1,3282,125,0.0468101814406801,0.0476894388129413,-0.527816044864838,0.461713309415556,-0.661543239110784,0.636492847023505,FALSE,TRUE
"key_logging","shares","age_50-64",0.1,3282,125,0.0342175433728923,0.0429455347050873,-0.475220488309023,0.367689553610864,-0.59456879424648,0.562632609141191,FALSE,TRUE
"key_logging","shares","age_35-49",0.1,3282,125,0.0257902222041736,0.0442938591183256,-0.425140423185494,0.316515099611528,-0.542566634010198,0.510752251075062,FALSE,TRUE
"key_logging","shares","age_25-34",0.1,3282,125,0.00121680628976746,0.0134362169581335,-0.354280837238943,0.27854860210827,-0.470163123101562,0.452081427984476,FALSE,TRUE
"fb_pixel","totals","gender_Female",0.01,269,71,-39.0068189171505,-38.1545154121988,-1127.23082774171,594.374033682928,-1293.10454481504,689.751004005728,FALSE,TRUE
"fb_pixel","totals","race_Asian",0.01,269,71,27.5619952328673,14.8199527695167,-902.730419085896,2712.11723673557,-1060.30550092311,2919.78386302372,FALSE,TRUE
"fb_pixel","totals","race_Black",0.01,269,71,-2.43055796493646,-9.06159862764222,-933.736995602335,723.082517508311,-1074.19345785052,832.31245444711,FALSE,TRUE
"fb_pixel","totals","race_Hispanic",0.01,269,71,-77.6512901407968,-80.308362204248,-1095.34081967536,709.592660294066,-1229.00141537335,798.25522945805,FALSE,TRUE
"fb_pixel","totals","race_Other",0.01,269,71,-11.0772509956473,-7.86589522005765,-1309.7691609048,893.52215728495,-1466.10819071998,1022.31648628712,FALSE,TRUE
"fb_pixel","totals","educ_College",0.01,269,71,74.9572353114367,79.1312843640121,-614.39174421193,1891.16217493103,-708.875899830334,2105.87166024826,FALSE,TRUE
"fb_pixel","totals","educ_Postgrad",0.01,269,71,171.434829731885,186.985777020511,-791.774488685693,1897.5347272748,-911.030819708511,2073.419796801,FALSE,TRUE
"fb_pixel","totals","educ_Some college",0.01,269,71,45.3720143072659,43.0105894273672,-687.241886899089,1054.23807835946,-794.208692504402,1179.13619825444,FALSE,TRUE
"fb_pixel","totals","age_65+",0.01,269,71,320.717759781337,338.889696077912,-1100.28096914607,2945.34147238782,-1140.83552456874,3250.96442025456,FALSE,TRUE
"fb_pixel","totals","age_50-64",0.01,269,71,176.464584768502,188.382547969615,-925.596629732245,1962.16888888745,-995.708583121955,2196.77629592781,FALSE,TRUE
"fb_pixel","totals","age_35-49",0.01,269,71,76.1480267253401,77.9575127363832,-960.385713397487,1210.76724696299,-1054.31921228841,1389.10459595247,FALSE,TRUE
"fb_pixel","totals","age_25-34",0.01,269,71,34.2938331696945,34.8282858934843,-808.154760176786,1335.99515082538,-897.838083331253,1525.22514477787,FALSE,TRUE
"fb_pixel","shares","gender_Female",0.01,269,71,0.00828354001243789,0.00788008409440161,-0.169968724306396,0.167195713296204,-0.210494687412975,0.201648317004907,FALSE,TRUE
"fb_pixel","shares","race_Asian",0.01,269,71,-0.0337977679451533,-0.0347956169620674,-0.210186517112845,0.294243207610848,-0.26308248935547,0.330967259677632,FALSE,TRUE
"fb_pixel","shares","race_Black",0.01,269,71,-0.000347762440240489,0.00044534308090757,-0.180969598406229,0.195815384384718,-0.219948477217376,0.24913147602621,FALSE,TRUE
"fb_pixel","shares","race_Hispanic",0.01,269,71,0.00237731855379378,0.00380310038422478,-0.188069580738573,0.2008914793462,-0.223705460223749,0.250347144087139,FALSE,TRUE
"fb_pixel","shares","race_Other",0.01,269,71,-0.00985784616931054,-0.00729651543149075,-0.199413433605797,0.240846420787394,-0.237898148795221,0.292121829314103,FALSE,TRUE
"fb_pixel","shares","educ_College",0.01,269,71,-0.0152719269363032,-0.014530960988738,-0.181968759404172,0.20677097366036,-0.229831463661639,0.251254230946768,FALSE,TRUE
"fb_pixel","shares","educ_Postgrad",0.01,269,71,-0.00543279355859186,-0.00369052148926792,-0.189041336251055,0.242708688384097,-0.241964635589194,0.280486290669657,FALSE,TRUE
"fb_pixel","shares","educ_Some college",0.01,269,71,-0.00194112542975983,-0.00299426505184799,-0.145489087373958,0.170187592405162,-0.186638231532208,0.200646381004931,FALSE,TRUE
"fb_pixel","shares","age_65+",0.01,269,71,0.00610660213829964,0.00890409184089273,-0.501692289813251,0.456357641706086,-0.543449643491586,0.510152852272721,FALSE,TRUE
"fb_pixel","shares","age_50-64",0.01,269,71,-9.63358795989815e-05,0.00312286803774464,-0.444394515464135,0.365243626402189,-0.484452524299106,0.422657838417825,FALSE,TRUE
"fb_pixel","shares","age_35-49",0.01,269,71,0.00702029723855313,0.00773750205320478,-0.392068345977891,0.307115003315737,-0.433479664948354,0.374166186946898,FALSE,TRUE
"fb_pixel","shares","age_25-34",0.01,269,71,-0.0181912878006498,-0.0184175333555928,-0.333815303873973,0.260235370130366,-0.371042956130935,0.322558272268728,FALSE,TRUE
"fb_pixel","totals","gender_Female",0.05,1346,357,-39.0068189171505,36.7629808420332,-1408.05918460716,786.735745299858,-1508.32096737719,879.181250340099,FALSE,TRUE
"fb_pixel","totals","race_Asian",0.05,1346,357,27.5619952328673,136.245370086124,-1181.88835565024,3058.50194699305,-1330.93922806693,3148.19949562421,FALSE,TRUE
"fb_pixel","totals","race_Black",0.05,1346,357,-2.43055796493646,-121.449573153261,-1173.1575191286,945.179382194426,-1299.3165282546,1020.19799567622,FALSE,TRUE
"fb_pixel","totals","race_Hispanic",0.05,1346,357,-77.6512901407968,-233.977798064121,-1329.94475551987,901.566078888941,-1447.38442939171,959.809408432705,FALSE,TRUE
"fb_pixel","totals","race_Other",0.05,1346,357,-11.0772509956473,-176.241172389117,-1567.52055870671,1143.73534487776,-1718.40145629451,1204.3647949954,FALSE,TRUE
"fb_pixel","totals","educ_College",0.05,1346,357,74.9572353114367,169.755199308829,-836.478512977798,2223.9704707301,-916.689960283357,2366.74860032426,FALSE,TRUE
"fb_pixel","totals","educ_Postgrad",0.05,1346,357,171.434829731885,198.286504561482,-1050.74423673524,2196.25518231321,-1157.09884005957,2323.44772004374,FALSE,TRUE
"fb_pixel","totals","educ_Some college",0.05,1346,357,45.3720143072659,-11.2606721242722,-901.823709254532,1273.93326657201,-986.779018021715,1369.41543331227,FALSE,TRUE
"fb_pixel","totals","age_65+",0.05,1346,357,320.717759781337,792.735476114037,-1328.12964415172,3381.24571249324,-1381.40688942467,3611.52546909162,FALSE,TRUE
"fb_pixel","totals","age_50-64",0.05,1346,357,176.464584768502,606.912797886413,-1137.37493717615,2316.97949301274,-1192.44767029967,2503.46722303647,FALSE,TRUE
"fb_pixel","totals","age_35-49",0.05,1346,357,76.1480267253401,118.771571754978,-1181.32443289252,1491.97732695875,-1247.3275887958,1629.74406311221,FALSE,TRUE
"fb_pixel","totals","age_25-34",0.05,1346,357,34.2938331696945,95.2910889707552,-995.030088487817,1625.49274753989,-1066.85066091002,1741.83479874031,FALSE,TRUE
"fb_pixel","shares","gender_Female",0.05,1346,357,0.00828354001243789,0.0268027843787612,-0.256436667161688,0.240803521729534,-0.287413377169213,0.281197363749159,FALSE,TRUE
"fb_pixel","shares","race_Asian",0.05,1346,357,-0.0337977679451533,-0.0421807159230777,-0.298037538514286,0.379392561022235,-0.3547370875963,0.393552354750939,FALSE,TRUE
"fb_pixel","shares","race_Black",0.05,1346,357,-0.000347762440240489,-0.0152664239157113,-0.254729256392879,0.296977072904746,-0.301301344430415,0.32680903226181,FALSE,TRUE
"fb_pixel","shares","race_Hispanic",0.05,1346,357,0.00237731855379378,-0.0247520420234774,-0.267009781085186,0.297631568843628,-0.309029743445774,0.335493902879204,FALSE,TRUE
"fb_pixel","shares","race_Other",0.05,1346,357,-0.00985784616931054,-0.0381063964408718,-0.270614705910704,0.342086057492388,-0.321948413829653,0.362905776986531,FALSE,TRUE
"fb_pixel","shares","educ_College",0.05,1346,357,-0.0152719269363032,-0.032420570979001,-0.272526507830376,0.297907372304712,-0.32010877813854,0.333213663956476,FALSE,TRUE
"fb_pixel","shares","educ_Postgrad",0.05,1346,357,-0.00543279355859186,-0.0205320032066364,-0.287600017220021,0.329774371502253,-0.340213773245176,0.359946580438253,FALSE,TRUE
"fb_pixel","shares","educ_Some college",0.05,1346,357,-0.00194112542975983,-0.0229590886188467,-0.232138680255796,0.24338373522171,-0.27422068548562,0.279091740393046,FALSE,TRUE
"fb_pixel","shares","age_65+",0.05,1346,357,0.00610660213829964,0.0673605342630883,-0.601585836503227,0.555081345175702,-0.632761129416081,0.613024819076193,FALSE,TRUE
"fb_pixel","shares","age_50-64",0.05,1346,357,-9.63358795989815e-05,0.0544950944756052,-0.54252310049048,0.468342821581543,-0.566980079636889,0.534449428136983,FALSE,TRUE
"fb_pixel","shares","age_35-49",0.05,1346,357,0.00702029723855313,0.018737525319861,-0.489566231365123,0.4197520259897,-0.51399860229609,0.485487412116462,FALSE,TRUE
"fb_pixel","shares","age_25-34",0.05,1346,357,-0.0181912878006498,0.00307275037276916,-0.419595167250326,0.367241774020931,-0.447519954611441,0.426609986544845,FALSE,TRUE
"fb_pixel","totals","gender_Female",0.1,2692,715,-39.0068189171505,-169.133187784156,-1503.17471056232,866.312510150848,-1572.14892211322,941.19624551259,FALSE,TRUE
"fb_pixel","totals","race_Asian",0.1,2692,715,27.5619952328673,593.060053066777,-1292.35405189517,3151.90151771363,-1413.19962628318,3205.81921578957,FALSE,TRUE
"fb_pixel","totals","race_Black",0.1,2692,715,-2.43055796493646,-49.8668208441944,-1270.17436678589,1023.28815927124,-1370.38212302547,1076.77033915374,FALSE,TRUE
"fb_pixel","totals","race_Hispanic",0.1,2692,715,-77.6512901407968,113.497515446061,-1423.26171301478,964.094405267184,-1518.87807120284,1009.51560594406,FALSE,TRUE
"fb_pixel","totals","race_Other",0.1,2692,715,-11.0772509956473,-326.725939589296,-1673.06647670466,1214.79703551641,-1794.48436873988,1243.34478930648,FALSE,TRUE
"fb_pixel","totals","educ_College",0.1,2692,715,74.9572353114367,692.470392666442,-922.206453621085,2340.16435627311,-976.925765796313,2439.49999535804,FALSE,TRUE
"fb_pixel","totals","educ_Postgrad",0.1,2692,715,171.434829731885,700.693860838723,-1148.16197577301,2302.02602174938,-1225.82096935673,2395.9514447145,FALSE,TRUE
"fb_pixel","totals","educ_Some college",0.1,2692,715,45.3720143072659,242.588946191801,-985.059287544241,1352.79880079618,-1042.98569179762,1430.72336838119,FALSE,TRUE
"fb_pixel","totals","age_65+",0.1,2692,715,320.717759781337,678.318359701866,-1400.43752413736,3553.78171511432,-1449.68666517806,3710.615179739,FALSE,TRUE
"fb_pixel","totals","age_50-64",0.1,2692,715,176.464584768502,299.079420416272,-1203.91186408142,2458.28179724246,-1253.92009222894,2591.38606193412,FALSE,TRUE
"fb_pixel","totals","age_35-49",0.1,2692,715,76.1480267253401,4.04560930082294,-1253.29709940867,1599.09930221771,-1308.7740913677,1701.11571454576,FALSE,TRUE
"fb_pixel","totals","age_25-34",0.1,2692,715,34.2938331696945,82.6363129871126,-1059.91239418403,1718.81504582115,-1120.96024313006,1807.14591851813,FALSE,TRUE
"fb_pixel","shares","gender_Female",0.1,2692,715,0.00828354001243789,0.0159917258134415,-0.287360122358077,0.273750264094259,-0.312032771897256,0.308477574610446,FALSE,TRUE
"fb_pixel","shares","race_Asian",0.1,2692,715,-0.0337977679451533,-0.0238424851025139,-0.337116724285665,0.402737901698493,-0.384339859513285,0.408493651138449,FALSE,TRUE
"fb_pixel","shares","race_Black",0.1,2692,715,-0.000347762440240489,0.00668893547783651,-0.287544270804471,0.328818235858521,-0.329059175937527,0.347850042264768,FALSE,TRUE
"fb_pixel","shares","race_Hispanic",0.1,2692,715,0.00237731855379378,0.0338908567400073,-0.299817979874735,0.332652092915005,-0.338866171729088,0.358069708366171,FALSE,TRUE
"fb_pixel","shares","race_Other",0.1,2692,715,-0.00985784616931054,-0.0117902710651858,-0.305201198606975,0.368778741246579,-0.349985443139743,0.375444909375153,FALSE,TRUE
"fb_pixel","shares","educ_College",0.1,2692,715,-0.0152719269363032,0.0316898769955362,-0.311144895564953,0.330374177496655,-0.348788590692924,0.356058198248704,FALSE,TRUE
"fb_pixel","shares","educ_Postgrad",0.1,2692,715,-0.00543279355859186,0.0426258010420394,-0.32848259701323,0.359396371204468,-0.370981628116267,0.382888920082583,FALSE,TRUE
"fb_pixel","shares","educ_Some college",0.1,2692,715,-0.00194112542975983,0.00599632190594681,-0.269080346968878,0.273878757592287,-0.303007336086572,0.304608681882766,FALSE,TRUE
"fb_pixel","shares","age_65+",0.1,2692,715,0.00610660213829964,-0.107867044164153,-0.633455282038357,0.598804610993531,-0.655644816316067,0.642307037142217,FALSE,TRUE
"fb_pixel","shares","age_50-64",0.1,2692,715,-9.63358795989815e-05,-0.105841130093289,-0.570844985972908,0.517212256837663,-0.587944057849058,0.569259691416041,FALSE,TRUE
"fb_pixel","shares","age_35-49",0.1,2692,715,0.00702029723855313,-0.0617845093625817,-0.518260374305408,0.467354571106628,-0.535080345284483,0.518165779163318,FALSE,TRUE
"fb_pixel","shares","age_25-34",0.1,2692,715,-0.0181912878006498,-0.051930455479762,-0.446469658519927,0.409628234938492,-0.46681007189676,0.455437411460536,FALSE,TRUE
"google_analytics","totals","gender_Female",0.01,326,14,1.94088043666423,-3.78407429719109,-687.86324620836,338.703471747415,-1301.79441315373,680.542419426058,FALSE,TRUE
"google_analytics","totals","race_Asian",0.01,326,14,40.9122029838596,36.1987654437875,-402.994289349279,2073.17329448097,-1018.22472869615,2961.47798066324,FALSE,TRUE
"google_analytics","totals","race_Black",0.01,326,14,-7.07078168580588,-14.7173172354586,-507.960966437275,408.844854254333,-1033.2971248059,872.293771076253,FALSE,TRUE
"google_analytics","totals","race_Hispanic",0.01,326,14,-17.2540419135991,-20.148893800648,-674.920374592226,449.079607757371,-1200.59975983589,826.190215207701,FALSE,TRUE
"google_analytics","totals","race_Other",0.01,326,14,-12.3041287819208,-2.01947276389819,-836.086918412202,547.709283738283,-1413.26393374503,1074.57055566829,FALSE,TRUE
"google_analytics","totals","educ_College",0.01,326,14,15.0870688998986,7.75278245428169,-349.651969227715,1322.79976718787,-740.529002371582,2075.05865725333,FALSE,TRUE
"google_analytics","totals","educ_Postgrad",0.01,326,14,12.7325798007588,1.84057917396656,-423.373555924283,1246.42917957998,-924.595728383212,2059.95681293578,FALSE,TRUE
"google_analytics","totals","educ_Some college",0.01,326,14,11.0314590427263,8.08648266413434,-405.283459279771,706.918971127028,-808.372355856955,1164.48624129664,FALSE,TRUE
"google_analytics","totals","age_65+",0.01,326,14,3.43850686459669,19.061439978135,-824.024576578031,2007.59479518302,-1250.24079598875,3140.8127140854,FALSE,TRUE
"google_analytics","totals","age_50-64",0.01,326,14,-4.06171789339165,22.8972083908647,-635.369151948075,1279.7002756193,-1064.11962224329,2125.80343699461,FALSE,TRUE
"google_analytics","totals","age_35-49",0.01,326,14,6.41296407158104,25.2066718810065,-658.945907569267,754.668929598193,-1101.17883619797,1341.78110467373,FALSE,TRUE
"google_analytics","totals","age_25-34",0.01,326,14,-7.85038614982703,3.56288287879657,-513.830268341614,772.627176392969,-914.908575998792,1507.72867584631,FALSE,TRUE
"google_analytics","shares","gender_Female",0.01,326,14,-0.000351590179378719,-0.000484010505942428,-0.0848659633041437,0.0854647498111281,-0.217934381214984,0.194025138954534,FALSE,TRUE
"google_analytics","shares","race_Asian",0.01,326,14,-0.00328331870651879,-0.00663681113758736,-0.0856180019795302,0.174893653930384,-0.237140263839961,0.356886771865915,FALSE,TRUE
"google_analytics","shares","race_Black",0.01,326,14,0.000750961171413519,-0.000476224815486027,-0.0859933793808497,0.092947940689599,-0.203352609583566,0.265577484890035,FALSE,TRUE
"google_analytics","shares","race_Hispanic",0.01,326,14,-0.0014100771315167,-0.00213411347493878,-0.104233680044699,0.0950184438226354,-0.216974526735919,0.256713953535653,FALSE,TRUE
"google_analytics","shares","race_Other",0.01,326,14,-0.00483803357121651,-0.00150967609500819,-0.102896331839895,0.118692759826655,-0.216892428909203,0.31299916682569,FALSE,TRUE
"google_analytics","shares","educ_College",0.01,326,14,-0.00170889914023319,-0.00835769356780097,-0.0823194176378955,0.109637719330102,-0.222084473788344,0.258832021175421,FALSE,TRUE
"google_analytics","shares","educ_Postgrad",0.01,326,14,-0.00479601867227251,-0.0115097960151669,-0.0822689686209111,0.128817542528395,-0.231748393541169,0.290696581782117,FALSE,TRUE
"google_analytics","shares","educ_Some college",0.01,326,14,0.000643403515866556,-0.000591492542892375,-0.0606902530082294,0.0850825273610979,-0.186325803074958,0.200831207629854,FALSE,TRUE
"google_analytics","shares","age_65+",0.01,326,14,-0.00749161789533419,-0.00586538006076878,-0.346436925635062,0.286577619042463,-0.563467879614463,0.490869220265117,FALSE,TRUE
"google_analytics","shares","age_50-64",0.01,326,14,-0.00463506421946386,0.00205578304923831,-0.304831440055535,0.215573811642328,-0.506009609018205,0.401533309541216,FALSE,TRUE
"google_analytics","shares","age_35-49",0.01,326,14,0.00279513016958013,0.0131993255085846,-0.257392193883577,0.159735424823821,-0.453425605892012,0.354290780770364,FALSE,TRUE
"google_analytics","shares","age_25-34",0.01,326,14,-0.00656050827735845,-0.00223338746281653,-0.202848632076244,0.122714007995409,-0.383682116715409,0.309651425362478,FALSE,TRUE
"google_analytics","totals","gender_Female",0.05,1631,72,1.94088043666423,11.0798779896057,-1066.1341001502,540.172960803722,-1516.25491488867,871.0169813856,FALSE,TRUE
"google_analytics","totals","race_Asian",0.05,1631,72,40.9122029838596,22.2813732024613,-775.847157864272,2647.85119645839,-1296.42647754671,3182.57962053385,FALSE,TRUE
"google_analytics","totals","race_Black",0.05,1631,72,-7.07078168580588,-37.5911228616754,-835.592243139613,685.614417512668,-1272.25917539083,1046.93524503304,FALSE,TRUE
"google_analytics","totals","race_Hispanic",0.05,1631,72,-17.2540419135991,-39.4732507532257,-1001.67335333608,681.985906491485,-1427.31632298353,980.009323442055,FALSE,TRUE
"google_analytics","totals","race_Other",0.05,1631,72,-12.3041287819208,-15.5709563261352,-1190.68643423815,863.260974791821,-1677.24655151784,1245.31663217137,FALSE,TRUE
"google_analytics","totals","educ_College",0.05,1631,72,15.0870688998986,16.7715143322906,-594.878846953412,1792.02510639235,-930.108323568559,2353.35079369558,FALSE,TRUE
"google_analytics","totals","educ_Postgrad",0.05,1631,72,12.7325798007588,2.43105620005934,-735.197882421301,1772.58578851333,-1155.4293776802,2324.90400257036,FALSE,TRUE
"google_analytics","totals","educ_Some college",0.05,1631,72,11.0314590427263,15.462507428205,-662.340342618594,987.654565292101,-995.107767930991,1360.87329913725,FALSE,TRUE
"google_analytics","totals","age_65+",0.05,1631,72,3.43850686459669,80.8885732356722,-1105.40155805032,2703.37796715527,-1419.80412531325,3572.90508115955,FALSE,TRUE
"google_analytics","totals","age_50-64",0.05,1631,72,-4.06171789339165,41.2076220551952,-918.65299289521,1802.25857682394,-1224.006120317,2471.73241726274,FALSE,TRUE
"google_analytics","totals","age_35-49",0.05,1631,72,6.41296407158104,48.1366102269265,-939.439334159815,1110.40549219793,-1272.93616870281,1604.2546925351,FALSE,TRUE
"google_analytics","totals","age_25-34",0.05,1631,72,-7.85038614982703,8.50200682659052,-762.596163483496,1252.99909992071,-1075.84639415674,1732.65473218273,FALSE,TRUE
"google_analytics","shares","gender_Female",0.05,1631,72,-0.000351590179378719,0.00216871532506633,-0.156262402163424,0.143453332838448,-0.292567654746742,0.276077047682592,FALSE,TRUE
"google_analytics","shares","race_Asian",0.05,1631,72,-0.00328331870651879,-0.0138817233551581,-0.164902834248094,0.290447003510583,-0.340832231362642,0.407562828450402,FALSE,TRUE
"google_analytics","shares","race_Black",0.05,1631,72,0.000750961171413519,-0.00230344493082723,-0.147318532634021,0.183269172810194,-0.288834263058163,0.339182120153758,FALSE,TRUE
"google_analytics","shares","race_Hispanic",0.05,1631,72,-0.0014100771315167,-0.00607564949774386,-0.163010940655461,0.181392024685831,-0.301935079317618,0.342725211305427,FALSE,TRUE
"google_analytics","shares","race_Other",0.05,1631,72,-0.00483803357121651,0.00415299725111809,-0.161880384803707,0.228999957312897,-0.306694200914858,0.378129662335086,FALSE,TRUE
"google_analytics","shares","educ_College",0.05,1631,72,-0.00170889914023319,-0.00954303467460853,-0.153287323476717,0.189319861568877,-0.316322922055292,0.336943523804954,FALSE,TRUE
"google_analytics","shares","educ_Postgrad",0.05,1631,72,-0.00479601867227251,-0.0106768748234672,-0.154680365839763,0.223064143379169,-0.333584486184387,0.366473222035904,FALSE,TRUE
"google_analytics","shares","educ_Some college",0.05,1631,72,0.000643403515866556,-0.00568374113256705,-0.12398323621434,0.149760079022922,-0.27503693381716,0.2782604312733,FALSE,TRUE
"google_analytics","shares","age_65+",0.05,1631,72,-0.00749161789533419,-0.00924511461197713,-0.483580798703311,0.401020995564796,-0.642973503149172,0.602798532465305,FALSE,TRUE
"google_analytics","shares","age_50-64",0.05,1631,72,-0.00463506421946386,0.00162863417071313,-0.430563884537552,0.313138702979679,-0.579129369653662,0.522350153657029,FALSE,TRUE
"google_analytics","shares","age_35-49",0.05,1631,72,0.00279513016958013,0.012651828572303,-0.380118026974785,0.260267365144494,-0.526794377194385,0.472602727947762,FALSE,TRUE
"google_analytics","shares","age_25-34",0.05,1631,72,-0.00656050827735845,-0.00489640843867172,-0.314773734419587,0.220333035779242,-0.455043154909777,0.419014784173649,FALSE,TRUE
"google_analytics","totals","gender_Female",0.1,3262,145,1.94088043666423,-79.4448198056381,-1230.08033894417,641.214168746445,-1578.30975716378,935.15819282026,FALSE,TRUE
"google_analytics","totals","race_Asian",0.1,3262,145,40.9122029838596,146.498551945309,-938.693664809846,2874.99997001174,-1386.99753015652,3232.08076877307,FALSE,TRUE
"google_analytics","totals","race_Black",0.1,3262,145,-7.07078168580588,33.6568203690191,-966.130311571476,825.717471414669,-1350.21733732113,1096.93930010624,FALSE,TRUE
"google_analytics","totals","race_Hispanic",0.1,3262,145,-17.2540419135991,-46.8079266713161,-1146.28219923429,788.499261564651,-1502.78105339724,1025.75758562318,FALSE,TRUE
"google_analytics","totals","race_Other",0.1,3262,145,-12.3041287819208,-14.5079996454652,-1338.7635036873,1010.25655357471,-1764.94452590346,1272.91443709952,FALSE,TRUE
"google_analytics","totals","educ_College",0.1,3262,145,15.0870688998986,73.5670145507517,-705.638362989168,1975.92040761583,-984.702218128044,2431.83887797253,FALSE,TRUE
"google_analytics","totals","educ_Postgrad",0.1,3262,145,12.7325798007588,38.7670187797217,-871.843638318484,1971.58301674272,-1222.18584627493,2399.48335047403,FALSE,TRUE
"google_analytics","totals","educ_Some college",0.1,3262,145,11.0314590427263,91.6986596128124,-763.12621813605,1119.39204555447,-1048.55128151239,1425.23158025665,FALSE,TRUE
"google_analytics","totals","age_65+",0.1,3262,145,3.43850686459669,207.402542429459,-1215.57780835663,2998.47883941703,-1473.14589328946,3687.34698612956,FALSE,TRUE
"google_analytics","totals","age_50-64",0.1,3262,145,-4.06171789339165,96.0377861592675,-1025.76956076599,2020.18471946169,-1274.72866473937,2570.65110237636,FALSE,TRUE
"google_analytics","totals","age_35-49",0.1,3262,145,6.41296407158104,51.3375636328319,-1062.16230997734,1273.65037901581,-1326.21281407158,1683.82069563246,FALSE,TRUE
"google_analytics","totals","age_25-34",0.1,3262,145,-7.85038614982703,43.1448943617,-872.265171756584,1440.27246923902,-1127.27385602379,1800.71150411296,FALSE,TRUE
"google_analytics","shares","gender_Female",0.1,3262,145,-0.000351590179378719,-0.0184895705302514,-0.199977748556096,0.179443493795121,-0.31543242172939,0.305158491301091,FALSE,TRUE
"google_analytics","shares","race_Asian",0.1,3262,145,-0.00328331870651879,0.000168661979098615,-0.212234187761335,0.340691528940825,-0.375872593345907,0.417028925396847,FALSE,TRUE
"google_analytics","shares","race_Black",0.1,3262,145,0.000750961171413519,0.0272777236986611,-0.184306949583005,0.238307420006453,-0.320814599623001,0.356196404624019,FALSE,TRUE
"google_analytics","shares","race_Hispanic",0.1,3262,145,-0.0014100771315167,-0.00112057000466273,-0.201302299099587,0.233139947173744,-0.332958819682384,0.364083455894799,FALSE,TRUE
"google_analytics","shares","race_Other",0.1,3262,145,-0.00483803357121651,0.0221349457874008,-0.200001732286367,0.285469029282067,-0.340365177294995,0.385114422676767,FALSE,TRUE
"google_analytics","shares","educ_College",0.1,3262,145,-0.00170889914023319,-0.00435587303995208,-0.203109059592209,0.236851753313271,-0.346924522663255,0.357901502159068,FALSE,TRUE
"google_analytics","shares","educ_Postgrad",0.1,3262,145,-0.00479601867227251,-0.0146702829089824,-0.209427954328721,0.267970565322033,-0.36718522390373,0.386729130250898,FALSE,TRUE
"google_analytics","shares","educ_Some college",0.1,3262,145,0.000643403515866556,0.0180295868472717,-0.164830068888437,0.189747736731714,-0.304013517025281,0.303686115372367,FALSE,TRUE
"google_analytics","shares","age_65+",0.1,3262,145,-0.00749161789533419,0.0142657885696895,-0.533748716531975,0.463590350371929,-0.661753564303187,0.636243135088925,FALSE,TRUE
"google_analytics","shares","age_50-64",0.1,3262,145,-0.00463506421946386,0.0174301600845906,-0.479576917287369,0.37632602329236,-0.595276104062563,0.561908182020068,FALSE,TRUE
"google_analytics","shares","age_35-49",0.1,3262,145,0.00279513016958013,0.0315793588103724,-0.428579896250905,0.325573342033787,-0.542676882210995,0.510646588195689,FALSE,TRUE
"google_analytics","shares","age_25-34",0.1,3262,145,-0.00656050827735845,-0.0022880806874354,-0.359327580588562,0.284692076403278,-0.470597197196796,0.451589228863869,FALSE,TRUE
